[2025-09-15T20:59:42.684+0000] {processor.py:161} INFO - Started process (PID=29) to work on /opt/airflow/dags/esg_files_to_parse_counter.py
[2025-09-15T20:59:42.685+0000] {processor.py:830} INFO - Processing file /opt/airflow/dags/esg_files_to_parse_counter.py for tasks to queue
[2025-09-15T20:59:42.689+0000] {logging_mixin.py:188} INFO - [2025-09-15T20:59:42.688+0000] {dagbag.py:540} INFO - Filling up the DagBag from /opt/airflow/dags/esg_files_to_parse_counter.py
[2025-09-15T20:59:42.725+0000] {logging_mixin.py:188} INFO - [2025-09-15T20:59:42.704+0000] {dagbag.py:350} ERROR - Failed to import: /opt/airflow/dags/esg_files_to_parse_counter.py
Traceback (most recent call last):
  File "/home/airflow/.local/lib/python3.12/site-packages/airflow/models/dagbag.py", line 346, in parse
    loader.exec_module(new_module)
  File "<frozen importlib._bootstrap_external>", line 995, in exec_module
  File "<frozen importlib._bootstrap>", line 488, in _call_with_frames_removed
  File "/opt/airflow/dags/esg_files_to_parse_counter.py", line 3, in <module>
    from airflow.providers.standard.operators.bash import BashOperator
ModuleNotFoundError: No module named 'airflow.providers.standard'
[2025-09-15T20:59:42.728+0000] {processor.py:842} WARNING - No viable dags retrieved from /opt/airflow/dags/esg_files_to_parse_counter.py
[2025-09-15T20:59:42.771+0000] {processor.py:183} INFO - Processing /opt/airflow/dags/esg_files_to_parse_counter.py took 0.095 seconds
[2025-09-15T21:00:12.904+0000] {processor.py:161} INFO - Started process (PID=30) to work on /opt/airflow/dags/esg_files_to_parse_counter.py
[2025-09-15T21:00:12.905+0000] {processor.py:830} INFO - Processing file /opt/airflow/dags/esg_files_to_parse_counter.py for tasks to queue
[2025-09-15T21:00:12.908+0000] {logging_mixin.py:188} INFO - [2025-09-15T21:00:12.908+0000] {dagbag.py:540} INFO - Filling up the DagBag from /opt/airflow/dags/esg_files_to_parse_counter.py
[2025-09-15T21:00:12.925+0000] {logging_mixin.py:188} INFO - [2025-09-15T21:00:12.922+0000] {dagbag.py:350} ERROR - Failed to import: /opt/airflow/dags/esg_files_to_parse_counter.py
Traceback (most recent call last):
  File "/home/airflow/.local/lib/python3.12/site-packages/airflow/models/dagbag.py", line 346, in parse
    loader.exec_module(new_module)
  File "<frozen importlib._bootstrap_external>", line 995, in exec_module
  File "<frozen importlib._bootstrap>", line 488, in _call_with_frames_removed
  File "/opt/airflow/dags/esg_files_to_parse_counter.py", line 3, in <module>
    from airflow.providers.standard.operators.bash import BashOperator
ModuleNotFoundError: No module named 'airflow.providers.standard'
[2025-09-15T21:00:12.927+0000] {processor.py:842} WARNING - No viable dags retrieved from /opt/airflow/dags/esg_files_to_parse_counter.py
[2025-09-15T21:00:12.958+0000] {processor.py:183} INFO - Processing /opt/airflow/dags/esg_files_to_parse_counter.py took 0.064 seconds
[2025-09-15T21:00:43.021+0000] {processor.py:161} INFO - Started process (PID=31) to work on /opt/airflow/dags/esg_files_to_parse_counter.py
[2025-09-15T21:00:43.022+0000] {processor.py:830} INFO - Processing file /opt/airflow/dags/esg_files_to_parse_counter.py for tasks to queue
[2025-09-15T21:00:43.024+0000] {logging_mixin.py:188} INFO - [2025-09-15T21:00:43.024+0000] {dagbag.py:540} INFO - Filling up the DagBag from /opt/airflow/dags/esg_files_to_parse_counter.py
[2025-09-15T21:00:43.042+0000] {logging_mixin.py:188} INFO - [2025-09-15T21:00:43.038+0000] {dagbag.py:350} ERROR - Failed to import: /opt/airflow/dags/esg_files_to_parse_counter.py
Traceback (most recent call last):
  File "/home/airflow/.local/lib/python3.12/site-packages/airflow/models/dagbag.py", line 346, in parse
    loader.exec_module(new_module)
  File "<frozen importlib._bootstrap_external>", line 995, in exec_module
  File "<frozen importlib._bootstrap>", line 488, in _call_with_frames_removed
  File "/opt/airflow/dags/esg_files_to_parse_counter.py", line 3, in <module>
    from airflow.providers.standard.operators.bash import BashOperator
ModuleNotFoundError: No module named 'airflow.providers.standard'
[2025-09-15T21:00:43.044+0000] {processor.py:842} WARNING - No viable dags retrieved from /opt/airflow/dags/esg_files_to_parse_counter.py
[2025-09-15T21:00:43.075+0000] {processor.py:183} INFO - Processing /opt/airflow/dags/esg_files_to_parse_counter.py took 0.064 seconds
[2025-09-15T21:01:13.204+0000] {processor.py:161} INFO - Started process (PID=32) to work on /opt/airflow/dags/esg_files_to_parse_counter.py
[2025-09-15T21:01:13.205+0000] {processor.py:830} INFO - Processing file /opt/airflow/dags/esg_files_to_parse_counter.py for tasks to queue
[2025-09-15T21:01:13.208+0000] {logging_mixin.py:188} INFO - [2025-09-15T21:01:13.207+0000] {dagbag.py:540} INFO - Filling up the DagBag from /opt/airflow/dags/esg_files_to_parse_counter.py
[2025-09-15T21:01:13.224+0000] {logging_mixin.py:188} INFO - [2025-09-15T21:01:13.220+0000] {dagbag.py:350} ERROR - Failed to import: /opt/airflow/dags/esg_files_to_parse_counter.py
Traceback (most recent call last):
  File "/home/airflow/.local/lib/python3.12/site-packages/airflow/models/dagbag.py", line 346, in parse
    loader.exec_module(new_module)
  File "<frozen importlib._bootstrap_external>", line 995, in exec_module
  File "<frozen importlib._bootstrap>", line 488, in _call_with_frames_removed
  File "/opt/airflow/dags/esg_files_to_parse_counter.py", line 3, in <module>
    from airflow.providers.standard.operators.bash import BashOperator
ModuleNotFoundError: No module named 'airflow.providers.standard'
[2025-09-15T21:01:13.225+0000] {processor.py:842} WARNING - No viable dags retrieved from /opt/airflow/dags/esg_files_to_parse_counter.py
[2025-09-15T21:01:13.257+0000] {processor.py:183} INFO - Processing /opt/airflow/dags/esg_files_to_parse_counter.py took 0.062 seconds
[2025-09-15T21:01:43.356+0000] {processor.py:161} INFO - Started process (PID=33) to work on /opt/airflow/dags/esg_files_to_parse_counter.py
[2025-09-15T21:01:43.358+0000] {processor.py:830} INFO - Processing file /opt/airflow/dags/esg_files_to_parse_counter.py for tasks to queue
[2025-09-15T21:01:43.361+0000] {logging_mixin.py:188} INFO - [2025-09-15T21:01:43.360+0000] {dagbag.py:540} INFO - Filling up the DagBag from /opt/airflow/dags/esg_files_to_parse_counter.py
[2025-09-15T21:01:43.382+0000] {logging_mixin.py:188} INFO - [2025-09-15T21:01:43.377+0000] {dagbag.py:350} ERROR - Failed to import: /opt/airflow/dags/esg_files_to_parse_counter.py
Traceback (most recent call last):
  File "/home/airflow/.local/lib/python3.12/site-packages/airflow/models/dagbag.py", line 346, in parse
    loader.exec_module(new_module)
  File "<frozen importlib._bootstrap_external>", line 995, in exec_module
  File "<frozen importlib._bootstrap>", line 488, in _call_with_frames_removed
  File "/opt/airflow/dags/esg_files_to_parse_counter.py", line 3, in <module>
    from airflow.providers.standard.operators.bash import BashOperator
ModuleNotFoundError: No module named 'airflow.providers.standard'
[2025-09-15T21:01:43.384+0000] {processor.py:842} WARNING - No viable dags retrieved from /opt/airflow/dags/esg_files_to_parse_counter.py
[2025-09-15T21:01:43.415+0000] {processor.py:183} INFO - Processing /opt/airflow/dags/esg_files_to_parse_counter.py took 0.073 seconds
[2025-09-15T21:02:13.529+0000] {processor.py:161} INFO - Started process (PID=34) to work on /opt/airflow/dags/esg_files_to_parse_counter.py
[2025-09-15T21:02:13.530+0000] {processor.py:830} INFO - Processing file /opt/airflow/dags/esg_files_to_parse_counter.py for tasks to queue
[2025-09-15T21:02:13.533+0000] {logging_mixin.py:188} INFO - [2025-09-15T21:02:13.532+0000] {dagbag.py:540} INFO - Filling up the DagBag from /opt/airflow/dags/esg_files_to_parse_counter.py
[2025-09-15T21:02:13.550+0000] {logging_mixin.py:188} INFO - [2025-09-15T21:02:13.546+0000] {dagbag.py:350} ERROR - Failed to import: /opt/airflow/dags/esg_files_to_parse_counter.py
Traceback (most recent call last):
  File "/home/airflow/.local/lib/python3.12/site-packages/airflow/models/dagbag.py", line 346, in parse
    loader.exec_module(new_module)
  File "<frozen importlib._bootstrap_external>", line 995, in exec_module
  File "<frozen importlib._bootstrap>", line 488, in _call_with_frames_removed
  File "/opt/airflow/dags/esg_files_to_parse_counter.py", line 3, in <module>
    from airflow.providers.standard.operators.bash import BashOperator
ModuleNotFoundError: No module named 'airflow.providers.standard'
[2025-09-15T21:02:13.551+0000] {processor.py:842} WARNING - No viable dags retrieved from /opt/airflow/dags/esg_files_to_parse_counter.py
[2025-09-15T21:02:13.588+0000] {processor.py:183} INFO - Processing /opt/airflow/dags/esg_files_to_parse_counter.py took 0.071 seconds
[2025-09-15T21:02:43.672+0000] {processor.py:161} INFO - Started process (PID=35) to work on /opt/airflow/dags/esg_files_to_parse_counter.py
[2025-09-15T21:02:43.674+0000] {processor.py:830} INFO - Processing file /opt/airflow/dags/esg_files_to_parse_counter.py for tasks to queue
[2025-09-15T21:02:43.691+0000] {logging_mixin.py:188} INFO - [2025-09-15T21:02:43.690+0000] {dagbag.py:540} INFO - Filling up the DagBag from /opt/airflow/dags/esg_files_to_parse_counter.py
[2025-09-15T21:02:43.725+0000] {logging_mixin.py:188} INFO - [2025-09-15T21:02:43.721+0000] {dagbag.py:350} ERROR - Failed to import: /opt/airflow/dags/esg_files_to_parse_counter.py
Traceback (most recent call last):
  File "/home/airflow/.local/lib/python3.12/site-packages/airflow/models/dagbag.py", line 346, in parse
    loader.exec_module(new_module)
  File "<frozen importlib._bootstrap_external>", line 995, in exec_module
  File "<frozen importlib._bootstrap>", line 488, in _call_with_frames_removed
  File "/opt/airflow/dags/esg_files_to_parse_counter.py", line 3, in <module>
    from airflow.providers.standard.operators.bash import BashOperator
ModuleNotFoundError: No module named 'airflow.providers.standard'
[2025-09-15T21:02:43.727+0000] {processor.py:842} WARNING - No viable dags retrieved from /opt/airflow/dags/esg_files_to_parse_counter.py
[2025-09-15T21:02:43.766+0000] {processor.py:183} INFO - Processing /opt/airflow/dags/esg_files_to_parse_counter.py took 0.103 seconds
[2025-09-15T21:03:13.877+0000] {processor.py:161} INFO - Started process (PID=36) to work on /opt/airflow/dags/esg_files_to_parse_counter.py
[2025-09-15T21:03:13.878+0000] {processor.py:830} INFO - Processing file /opt/airflow/dags/esg_files_to_parse_counter.py for tasks to queue
[2025-09-15T21:03:13.882+0000] {logging_mixin.py:188} INFO - [2025-09-15T21:03:13.881+0000] {dagbag.py:540} INFO - Filling up the DagBag from /opt/airflow/dags/esg_files_to_parse_counter.py
[2025-09-15T21:03:13.899+0000] {logging_mixin.py:188} INFO - [2025-09-15T21:03:13.896+0000] {dagbag.py:350} ERROR - Failed to import: /opt/airflow/dags/esg_files_to_parse_counter.py
Traceback (most recent call last):
  File "/home/airflow/.local/lib/python3.12/site-packages/airflow/models/dagbag.py", line 346, in parse
    loader.exec_module(new_module)
  File "<frozen importlib._bootstrap_external>", line 995, in exec_module
  File "<frozen importlib._bootstrap>", line 488, in _call_with_frames_removed
  File "/opt/airflow/dags/esg_files_to_parse_counter.py", line 3, in <module>
    from airflow.providers.standard.operators.bash import BashOperator
ModuleNotFoundError: No module named 'airflow.providers.standard'
[2025-09-15T21:03:13.901+0000] {processor.py:842} WARNING - No viable dags retrieved from /opt/airflow/dags/esg_files_to_parse_counter.py
[2025-09-15T21:03:13.941+0000] {processor.py:183} INFO - Processing /opt/airflow/dags/esg_files_to_parse_counter.py took 0.074 seconds
[2025-09-15T21:03:44.029+0000] {processor.py:161} INFO - Started process (PID=37) to work on /opt/airflow/dags/esg_files_to_parse_counter.py
[2025-09-15T21:03:44.030+0000] {processor.py:830} INFO - Processing file /opt/airflow/dags/esg_files_to_parse_counter.py for tasks to queue
[2025-09-15T21:03:44.034+0000] {logging_mixin.py:188} INFO - [2025-09-15T21:03:44.033+0000] {dagbag.py:540} INFO - Filling up the DagBag from /opt/airflow/dags/esg_files_to_parse_counter.py
[2025-09-15T21:03:44.049+0000] {logging_mixin.py:188} INFO - [2025-09-15T21:03:44.045+0000] {dagbag.py:350} ERROR - Failed to import: /opt/airflow/dags/esg_files_to_parse_counter.py
Traceback (most recent call last):
  File "/home/airflow/.local/lib/python3.12/site-packages/airflow/models/dagbag.py", line 346, in parse
    loader.exec_module(new_module)
  File "<frozen importlib._bootstrap_external>", line 995, in exec_module
  File "<frozen importlib._bootstrap>", line 488, in _call_with_frames_removed
  File "/opt/airflow/dags/esg_files_to_parse_counter.py", line 3, in <module>
    from airflow.providers.standard.operators.bash import BashOperator
ModuleNotFoundError: No module named 'airflow.providers.standard'
[2025-09-15T21:03:44.050+0000] {processor.py:842} WARNING - No viable dags retrieved from /opt/airflow/dags/esg_files_to_parse_counter.py
[2025-09-15T21:03:44.086+0000] {processor.py:183} INFO - Processing /opt/airflow/dags/esg_files_to_parse_counter.py took 0.068 seconds
[2025-09-15T21:04:14.211+0000] {processor.py:161} INFO - Started process (PID=38) to work on /opt/airflow/dags/esg_files_to_parse_counter.py
[2025-09-15T21:04:14.212+0000] {processor.py:830} INFO - Processing file /opt/airflow/dags/esg_files_to_parse_counter.py for tasks to queue
[2025-09-15T21:04:14.216+0000] {logging_mixin.py:188} INFO - [2025-09-15T21:04:14.216+0000] {dagbag.py:540} INFO - Filling up the DagBag from /opt/airflow/dags/esg_files_to_parse_counter.py
[2025-09-15T21:04:14.231+0000] {logging_mixin.py:188} INFO - [2025-09-15T21:04:14.228+0000] {dagbag.py:350} ERROR - Failed to import: /opt/airflow/dags/esg_files_to_parse_counter.py
Traceback (most recent call last):
  File "/home/airflow/.local/lib/python3.12/site-packages/airflow/models/dagbag.py", line 346, in parse
    loader.exec_module(new_module)
  File "<frozen importlib._bootstrap_external>", line 995, in exec_module
  File "<frozen importlib._bootstrap>", line 488, in _call_with_frames_removed
  File "/opt/airflow/dags/esg_files_to_parse_counter.py", line 3, in <module>
    from airflow.providers.standard.operators.bash import BashOperator
ModuleNotFoundError: No module named 'airflow.providers.standard'
[2025-09-15T21:04:14.232+0000] {processor.py:842} WARNING - No viable dags retrieved from /opt/airflow/dags/esg_files_to_parse_counter.py
[2025-09-15T21:04:14.259+0000] {processor.py:183} INFO - Processing /opt/airflow/dags/esg_files_to_parse_counter.py took 0.056 seconds
[2025-09-15T21:04:44.385+0000] {processor.py:161} INFO - Started process (PID=39) to work on /opt/airflow/dags/esg_files_to_parse_counter.py
[2025-09-15T21:04:44.386+0000] {processor.py:830} INFO - Processing file /opt/airflow/dags/esg_files_to_parse_counter.py for tasks to queue
[2025-09-15T21:04:44.389+0000] {logging_mixin.py:188} INFO - [2025-09-15T21:04:44.388+0000] {dagbag.py:540} INFO - Filling up the DagBag from /opt/airflow/dags/esg_files_to_parse_counter.py
[2025-09-15T21:04:44.402+0000] {logging_mixin.py:188} INFO - [2025-09-15T21:04:44.399+0000] {dagbag.py:350} ERROR - Failed to import: /opt/airflow/dags/esg_files_to_parse_counter.py
Traceback (most recent call last):
  File "/home/airflow/.local/lib/python3.12/site-packages/airflow/models/dagbag.py", line 346, in parse
    loader.exec_module(new_module)
  File "<frozen importlib._bootstrap_external>", line 995, in exec_module
  File "<frozen importlib._bootstrap>", line 488, in _call_with_frames_removed
  File "/opt/airflow/dags/esg_files_to_parse_counter.py", line 3, in <module>
    from airflow.providers.standard.operators.bash import BashOperator
ModuleNotFoundError: No module named 'airflow.providers.standard'
[2025-09-15T21:04:44.404+0000] {processor.py:842} WARNING - No viable dags retrieved from /opt/airflow/dags/esg_files_to_parse_counter.py
[2025-09-15T21:04:44.428+0000] {processor.py:183} INFO - Processing /opt/airflow/dags/esg_files_to_parse_counter.py took 0.054 seconds
[2025-09-15T21:05:14.523+0000] {processor.py:161} INFO - Started process (PID=40) to work on /opt/airflow/dags/esg_files_to_parse_counter.py
[2025-09-15T21:05:14.525+0000] {processor.py:830} INFO - Processing file /opt/airflow/dags/esg_files_to_parse_counter.py for tasks to queue
[2025-09-15T21:05:14.528+0000] {logging_mixin.py:188} INFO - [2025-09-15T21:05:14.527+0000] {dagbag.py:540} INFO - Filling up the DagBag from /opt/airflow/dags/esg_files_to_parse_counter.py
[2025-09-15T21:05:14.543+0000] {logging_mixin.py:188} INFO - [2025-09-15T21:05:14.540+0000] {dagbag.py:350} ERROR - Failed to import: /opt/airflow/dags/esg_files_to_parse_counter.py
Traceback (most recent call last):
  File "/home/airflow/.local/lib/python3.12/site-packages/airflow/models/dagbag.py", line 346, in parse
    loader.exec_module(new_module)
  File "<frozen importlib._bootstrap_external>", line 995, in exec_module
  File "<frozen importlib._bootstrap>", line 488, in _call_with_frames_removed
  File "/opt/airflow/dags/esg_files_to_parse_counter.py", line 3, in <module>
    from airflow.providers.standard.operators.bash import BashOperator
ModuleNotFoundError: No module named 'airflow.providers.standard'
[2025-09-15T21:05:14.546+0000] {processor.py:842} WARNING - No viable dags retrieved from /opt/airflow/dags/esg_files_to_parse_counter.py
[2025-09-15T21:05:14.576+0000] {processor.py:183} INFO - Processing /opt/airflow/dags/esg_files_to_parse_counter.py took 0.061 seconds
[2025-09-15T21:05:44.676+0000] {processor.py:161} INFO - Started process (PID=41) to work on /opt/airflow/dags/esg_files_to_parse_counter.py
[2025-09-15T21:05:44.677+0000] {processor.py:830} INFO - Processing file /opt/airflow/dags/esg_files_to_parse_counter.py for tasks to queue
[2025-09-15T21:05:44.680+0000] {logging_mixin.py:188} INFO - [2025-09-15T21:05:44.679+0000] {dagbag.py:540} INFO - Filling up the DagBag from /opt/airflow/dags/esg_files_to_parse_counter.py
[2025-09-15T21:05:44.695+0000] {logging_mixin.py:188} INFO - [2025-09-15T21:05:44.691+0000] {dagbag.py:350} ERROR - Failed to import: /opt/airflow/dags/esg_files_to_parse_counter.py
Traceback (most recent call last):
  File "/home/airflow/.local/lib/python3.12/site-packages/airflow/models/dagbag.py", line 346, in parse
    loader.exec_module(new_module)
  File "<frozen importlib._bootstrap_external>", line 995, in exec_module
  File "<frozen importlib._bootstrap>", line 488, in _call_with_frames_removed
  File "/opt/airflow/dags/esg_files_to_parse_counter.py", line 3, in <module>
    from airflow.providers.standard.operators.bash import BashOperator
ModuleNotFoundError: No module named 'airflow.providers.standard'
[2025-09-15T21:05:44.697+0000] {processor.py:842} WARNING - No viable dags retrieved from /opt/airflow/dags/esg_files_to_parse_counter.py
[2025-09-15T21:05:44.726+0000] {processor.py:183} INFO - Processing /opt/airflow/dags/esg_files_to_parse_counter.py took 0.057 seconds
[2025-09-15T21:06:14.825+0000] {processor.py:161} INFO - Started process (PID=42) to work on /opt/airflow/dags/esg_files_to_parse_counter.py
[2025-09-15T21:06:14.827+0000] {processor.py:830} INFO - Processing file /opt/airflow/dags/esg_files_to_parse_counter.py for tasks to queue
[2025-09-15T21:06:14.830+0000] {logging_mixin.py:188} INFO - [2025-09-15T21:06:14.829+0000] {dagbag.py:540} INFO - Filling up the DagBag from /opt/airflow/dags/esg_files_to_parse_counter.py
[2025-09-15T21:06:14.845+0000] {logging_mixin.py:188} INFO - [2025-09-15T21:06:14.842+0000] {dagbag.py:350} ERROR - Failed to import: /opt/airflow/dags/esg_files_to_parse_counter.py
Traceback (most recent call last):
  File "/home/airflow/.local/lib/python3.12/site-packages/airflow/models/dagbag.py", line 346, in parse
    loader.exec_module(new_module)
  File "<frozen importlib._bootstrap_external>", line 995, in exec_module
  File "<frozen importlib._bootstrap>", line 488, in _call_with_frames_removed
  File "/opt/airflow/dags/esg_files_to_parse_counter.py", line 3, in <module>
    from airflow.providers.standard.operators.bash import BashOperator
ModuleNotFoundError: No module named 'airflow.providers.standard'
[2025-09-15T21:06:14.847+0000] {processor.py:842} WARNING - No viable dags retrieved from /opt/airflow/dags/esg_files_to_parse_counter.py
[2025-09-15T21:06:14.874+0000] {processor.py:183} INFO - Processing /opt/airflow/dags/esg_files_to_parse_counter.py took 0.059 seconds
[2025-09-15T21:06:44.991+0000] {processor.py:161} INFO - Started process (PID=43) to work on /opt/airflow/dags/esg_files_to_parse_counter.py
[2025-09-15T21:06:44.992+0000] {processor.py:830} INFO - Processing file /opt/airflow/dags/esg_files_to_parse_counter.py for tasks to queue
[2025-09-15T21:06:44.994+0000] {logging_mixin.py:188} INFO - [2025-09-15T21:06:44.994+0000] {dagbag.py:540} INFO - Filling up the DagBag from /opt/airflow/dags/esg_files_to_parse_counter.py
[2025-09-15T21:06:45.009+0000] {logging_mixin.py:188} INFO - [2025-09-15T21:06:45.005+0000] {dagbag.py:350} ERROR - Failed to import: /opt/airflow/dags/esg_files_to_parse_counter.py
Traceback (most recent call last):
  File "/home/airflow/.local/lib/python3.12/site-packages/airflow/models/dagbag.py", line 346, in parse
    loader.exec_module(new_module)
  File "<frozen importlib._bootstrap_external>", line 995, in exec_module
  File "<frozen importlib._bootstrap>", line 488, in _call_with_frames_removed
  File "/opt/airflow/dags/esg_files_to_parse_counter.py", line 3, in <module>
    from airflow.providers.standard.operators.bash import BashOperator
ModuleNotFoundError: No module named 'airflow.providers.standard'
[2025-09-15T21:06:45.010+0000] {processor.py:842} WARNING - No viable dags retrieved from /opt/airflow/dags/esg_files_to_parse_counter.py
[2025-09-15T21:06:45.044+0000] {processor.py:183} INFO - Processing /opt/airflow/dags/esg_files_to_parse_counter.py took 0.060 seconds
[2025-09-15T21:07:08.124+0000] {processor.py:161} INFO - Started process (PID=44) to work on /opt/airflow/dags/esg_files_to_parse_counter.py
[2025-09-15T21:07:08.125+0000] {processor.py:830} INFO - Processing file /opt/airflow/dags/esg_files_to_parse_counter.py for tasks to queue
[2025-09-15T21:07:08.128+0000] {logging_mixin.py:188} INFO - [2025-09-15T21:07:08.127+0000] {dagbag.py:540} INFO - Filling up the DagBag from /opt/airflow/dags/esg_files_to_parse_counter.py
[2025-09-15T21:07:08.140+0000] {logging_mixin.py:188} INFO - [2025-09-15T21:07:08.139+0000] {dagbag.py:350} ERROR - Failed to import: /opt/airflow/dags/esg_files_to_parse_counter.py
Traceback (most recent call last):
  File "/home/airflow/.local/lib/python3.12/site-packages/airflow/models/dagbag.py", line 346, in parse
    loader.exec_module(new_module)
  File "<frozen importlib._bootstrap_external>", line 991, in exec_module
  File "<frozen importlib._bootstrap_external>", line 1129, in get_code
  File "<frozen importlib._bootstrap_external>", line 1059, in source_to_code
  File "<frozen importlib._bootstrap>", line 488, in _call_with_frames_removed
  File "/opt/airflow/dags/esg_files_to_parse_counter.py", line 25
    schedule_interval = '@hourly'
                        
SyntaxError: invalid syntax. Perhaps you forgot a comma?
[2025-09-15T21:07:08.141+0000] {processor.py:842} WARNING - No viable dags retrieved from /opt/airflow/dags/esg_files_to_parse_counter.py
[2025-09-15T21:07:08.175+0000] {processor.py:183} INFO - Processing /opt/airflow/dags/esg_files_to_parse_counter.py took 0.057 seconds
[2025-09-15T21:07:12.212+0000] {processor.py:161} INFO - Started process (PID=45) to work on /opt/airflow/dags/esg_files_to_parse_counter.py
[2025-09-15T21:07:12.214+0000] {processor.py:830} INFO - Processing file /opt/airflow/dags/esg_files_to_parse_counter.py for tasks to queue
[2025-09-15T21:07:12.224+0000] {logging_mixin.py:188} INFO - [2025-09-15T21:07:12.222+0000] {dagbag.py:540} INFO - Filling up the DagBag from /opt/airflow/dags/esg_files_to_parse_counter.py
[2025-09-15T21:07:12.245+0000] {logging_mixin.py:188} INFO - [2025-09-15T21:07:12.243+0000] {dagbag.py:350} ERROR - Failed to import: /opt/airflow/dags/esg_files_to_parse_counter.py
Traceback (most recent call last):
  File "/home/airflow/.local/lib/python3.12/site-packages/airflow/models/dagbag.py", line 346, in parse
    loader.exec_module(new_module)
  File "<frozen importlib._bootstrap_external>", line 991, in exec_module
  File "<frozen importlib._bootstrap_external>", line 1129, in get_code
  File "<frozen importlib._bootstrap_external>", line 1059, in source_to_code
  File "<frozen importlib._bootstrap>", line 488, in _call_with_frames_removed
  File "/opt/airflow/dags/esg_files_to_parse_counter.py", line 25
    schedule_interval = '@hourly'
                        
SyntaxError: invalid syntax. Perhaps you forgot a comma?
[2025-09-15T21:07:12.246+0000] {processor.py:842} WARNING - No viable dags retrieved from /opt/airflow/dags/esg_files_to_parse_counter.py
[2025-09-15T21:07:12.300+0000] {processor.py:183} INFO - Processing /opt/airflow/dags/esg_files_to_parse_counter.py took 0.100 seconds
[2025-09-15T21:07:42.351+0000] {processor.py:161} INFO - Started process (PID=46) to work on /opt/airflow/dags/esg_files_to_parse_counter.py
[2025-09-15T21:07:42.352+0000] {processor.py:830} INFO - Processing file /opt/airflow/dags/esg_files_to_parse_counter.py for tasks to queue
[2025-09-15T21:07:42.355+0000] {logging_mixin.py:188} INFO - [2025-09-15T21:07:42.354+0000] {dagbag.py:540} INFO - Filling up the DagBag from /opt/airflow/dags/esg_files_to_parse_counter.py
[2025-09-15T21:07:42.377+0000] {logging_mixin.py:188} INFO - [2025-09-15T21:07:42.374+0000] {dagbag.py:350} ERROR - Failed to import: /opt/airflow/dags/esg_files_to_parse_counter.py
Traceback (most recent call last):
  File "/home/airflow/.local/lib/python3.12/site-packages/airflow/models/dagbag.py", line 346, in parse
    loader.exec_module(new_module)
  File "<frozen importlib._bootstrap_external>", line 991, in exec_module
  File "<frozen importlib._bootstrap_external>", line 1129, in get_code
  File "<frozen importlib._bootstrap_external>", line 1059, in source_to_code
  File "<frozen importlib._bootstrap>", line 488, in _call_with_frames_removed
  File "/opt/airflow/dags/esg_files_to_parse_counter.py", line 25
    schedule_interval = '@hourly'
                        
SyntaxError: invalid syntax. Perhaps you forgot a comma?
[2025-09-15T21:07:42.378+0000] {processor.py:842} WARNING - No viable dags retrieved from /opt/airflow/dags/esg_files_to_parse_counter.py
[2025-09-15T21:07:42.415+0000] {processor.py:183} INFO - Processing /opt/airflow/dags/esg_files_to_parse_counter.py took 0.072 seconds
[2025-09-15T21:07:45.493+0000] {processor.py:161} INFO - Started process (PID=47) to work on /opt/airflow/dags/esg_files_to_parse_counter.py
[2025-09-15T21:07:45.494+0000] {processor.py:830} INFO - Processing file /opt/airflow/dags/esg_files_to_parse_counter.py for tasks to queue
[2025-09-15T21:07:45.496+0000] {logging_mixin.py:188} INFO - [2025-09-15T21:07:45.496+0000] {dagbag.py:540} INFO - Filling up the DagBag from /opt/airflow/dags/esg_files_to_parse_counter.py
[2025-09-15T21:07:45.546+0000] {processor.py:840} INFO - DAG(s) 'esg_company_counter' retrieved from /opt/airflow/dags/esg_files_to_parse_counter.py
[2025-09-15T21:07:45.838+0000] {logging_mixin.py:188} INFO - [2025-09-15T21:07:45.837+0000] {override.py:1829} INFO - Created Permission View: can edit on DAG:esg_company_counter
[2025-09-15T21:07:45.850+0000] {logging_mixin.py:188} INFO - [2025-09-15T21:07:45.849+0000] {override.py:1829} INFO - Created Permission View: can read on DAG:esg_company_counter
[2025-09-15T21:07:45.858+0000] {logging_mixin.py:188} INFO - [2025-09-15T21:07:45.857+0000] {override.py:1829} INFO - Created Permission View: can delete on DAG:esg_company_counter
[2025-09-15T21:07:45.858+0000] {logging_mixin.py:188} INFO - [2025-09-15T21:07:45.858+0000] {dag.py:3096} INFO - Sync 1 DAGs
[2025-09-15T21:07:45.870+0000] {logging_mixin.py:188} INFO - [2025-09-15T21:07:45.869+0000] {dag.py:3118} INFO - Creating ORM DAG for esg_company_counter
[2025-09-15T21:07:45.882+0000] {logging_mixin.py:188} INFO - [2025-09-15T21:07:45.882+0000] {dag.py:3954} INFO - Setting next_dagrun for esg_company_counter to 2025-09-15 20:00:00+00:00, run_after=2025-09-15 21:00:00+00:00
[2025-09-15T21:07:45.904+0000] {processor.py:183} INFO - Processing /opt/airflow/dags/esg_files_to_parse_counter.py took 0.418 seconds
[2025-09-15T21:08:16.058+0000] {processor.py:161} INFO - Started process (PID=48) to work on /opt/airflow/dags/esg_files_to_parse_counter.py
[2025-09-15T21:08:16.061+0000] {processor.py:830} INFO - Processing file /opt/airflow/dags/esg_files_to_parse_counter.py for tasks to queue
[2025-09-15T21:08:16.065+0000] {logging_mixin.py:188} INFO - [2025-09-15T21:08:16.064+0000] {dagbag.py:540} INFO - Filling up the DagBag from /opt/airflow/dags/esg_files_to_parse_counter.py
[2025-09-15T21:08:16.093+0000] {processor.py:840} INFO - DAG(s) 'esg_company_counter' retrieved from /opt/airflow/dags/esg_files_to_parse_counter.py
[2025-09-15T21:08:16.133+0000] {logging_mixin.py:188} INFO - [2025-09-15T21:08:16.133+0000] {dag.py:3096} INFO - Sync 1 DAGs
[2025-09-15T21:08:16.171+0000] {logging_mixin.py:188} INFO - [2025-09-15T21:08:16.171+0000] {dag.py:3954} INFO - Setting next_dagrun for esg_company_counter to 2025-09-15 20:00:00+00:00, run_after=2025-09-15 21:00:00+00:00
[2025-09-15T21:08:16.194+0000] {processor.py:183} INFO - Processing /opt/airflow/dags/esg_files_to_parse_counter.py took 0.146 seconds
[2025-09-15T21:08:46.326+0000] {processor.py:161} INFO - Started process (PID=49) to work on /opt/airflow/dags/esg_files_to_parse_counter.py
[2025-09-15T21:08:46.327+0000] {processor.py:830} INFO - Processing file /opt/airflow/dags/esg_files_to_parse_counter.py for tasks to queue
[2025-09-15T21:08:46.330+0000] {logging_mixin.py:188} INFO - [2025-09-15T21:08:46.329+0000] {dagbag.py:540} INFO - Filling up the DagBag from /opt/airflow/dags/esg_files_to_parse_counter.py
[2025-09-15T21:08:46.354+0000] {processor.py:840} INFO - DAG(s) 'esg_company_counter' retrieved from /opt/airflow/dags/esg_files_to_parse_counter.py
[2025-09-15T21:08:46.391+0000] {logging_mixin.py:188} INFO - [2025-09-15T21:08:46.391+0000] {dag.py:3096} INFO - Sync 1 DAGs
[2025-09-15T21:08:46.416+0000] {logging_mixin.py:188} INFO - [2025-09-15T21:08:46.416+0000] {dag.py:3954} INFO - Setting next_dagrun for esg_company_counter to 2025-09-15 20:00:00+00:00, run_after=2025-09-15 21:00:00+00:00
[2025-09-15T21:08:46.437+0000] {processor.py:183} INFO - Processing /opt/airflow/dags/esg_files_to_parse_counter.py took 0.118 seconds
[2025-09-15T21:09:16.561+0000] {processor.py:161} INFO - Started process (PID=50) to work on /opt/airflow/dags/esg_files_to_parse_counter.py
[2025-09-15T21:09:16.562+0000] {processor.py:830} INFO - Processing file /opt/airflow/dags/esg_files_to_parse_counter.py for tasks to queue
[2025-09-15T21:09:16.564+0000] {logging_mixin.py:188} INFO - [2025-09-15T21:09:16.564+0000] {dagbag.py:540} INFO - Filling up the DagBag from /opt/airflow/dags/esg_files_to_parse_counter.py
[2025-09-15T21:09:16.584+0000] {processor.py:840} INFO - DAG(s) 'esg_company_counter' retrieved from /opt/airflow/dags/esg_files_to_parse_counter.py
[2025-09-15T21:09:16.615+0000] {logging_mixin.py:188} INFO - [2025-09-15T21:09:16.615+0000] {dag.py:3096} INFO - Sync 1 DAGs
[2025-09-15T21:09:16.638+0000] {logging_mixin.py:188} INFO - [2025-09-15T21:09:16.638+0000] {dag.py:3954} INFO - Setting next_dagrun for esg_company_counter to 2025-09-15 21:00:00+00:00, run_after=2025-09-15 22:00:00+00:00
[2025-09-15T21:09:16.664+0000] {processor.py:183} INFO - Processing /opt/airflow/dags/esg_files_to_parse_counter.py took 0.110 seconds
[2025-09-15T21:09:46.735+0000] {processor.py:161} INFO - Started process (PID=51) to work on /opt/airflow/dags/esg_files_to_parse_counter.py
[2025-09-15T21:09:46.736+0000] {processor.py:830} INFO - Processing file /opt/airflow/dags/esg_files_to_parse_counter.py for tasks to queue
[2025-09-15T21:09:46.739+0000] {logging_mixin.py:188} INFO - [2025-09-15T21:09:46.738+0000] {dagbag.py:540} INFO - Filling up the DagBag from /opt/airflow/dags/esg_files_to_parse_counter.py
[2025-09-15T21:09:46.761+0000] {processor.py:840} INFO - DAG(s) 'esg_company_counter' retrieved from /opt/airflow/dags/esg_files_to_parse_counter.py
[2025-09-15T21:09:46.796+0000] {logging_mixin.py:188} INFO - [2025-09-15T21:09:46.795+0000] {dag.py:3096} INFO - Sync 1 DAGs
[2025-09-15T21:09:46.821+0000] {logging_mixin.py:188} INFO - [2025-09-15T21:09:46.821+0000] {dag.py:3954} INFO - Setting next_dagrun for esg_company_counter to 2025-09-15 21:00:00+00:00, run_after=2025-09-15 22:00:00+00:00
[2025-09-15T21:09:46.839+0000] {processor.py:183} INFO - Processing /opt/airflow/dags/esg_files_to_parse_counter.py took 0.111 seconds
[2025-09-15T21:10:16.920+0000] {processor.py:161} INFO - Started process (PID=52) to work on /opt/airflow/dags/esg_files_to_parse_counter.py
[2025-09-15T21:10:16.921+0000] {processor.py:830} INFO - Processing file /opt/airflow/dags/esg_files_to_parse_counter.py for tasks to queue
[2025-09-15T21:10:16.924+0000] {logging_mixin.py:188} INFO - [2025-09-15T21:10:16.924+0000] {dagbag.py:540} INFO - Filling up the DagBag from /opt/airflow/dags/esg_files_to_parse_counter.py
[2025-09-15T21:10:16.948+0000] {processor.py:840} INFO - DAG(s) 'esg_company_counter' retrieved from /opt/airflow/dags/esg_files_to_parse_counter.py
[2025-09-15T21:10:16.983+0000] {logging_mixin.py:188} INFO - [2025-09-15T21:10:16.983+0000] {dag.py:3096} INFO - Sync 1 DAGs
[2025-09-15T21:10:17.009+0000] {logging_mixin.py:188} INFO - [2025-09-15T21:10:17.008+0000] {dag.py:3954} INFO - Setting next_dagrun for esg_company_counter to 2025-09-15 21:00:00+00:00, run_after=2025-09-15 22:00:00+00:00
[2025-09-15T21:10:17.027+0000] {processor.py:183} INFO - Processing /opt/airflow/dags/esg_files_to_parse_counter.py took 0.116 seconds
[2025-09-15T21:10:47.085+0000] {processor.py:161} INFO - Started process (PID=53) to work on /opt/airflow/dags/esg_files_to_parse_counter.py
[2025-09-15T21:10:47.086+0000] {processor.py:830} INFO - Processing file /opt/airflow/dags/esg_files_to_parse_counter.py for tasks to queue
[2025-09-15T21:10:47.089+0000] {logging_mixin.py:188} INFO - [2025-09-15T21:10:47.088+0000] {dagbag.py:540} INFO - Filling up the DagBag from /opt/airflow/dags/esg_files_to_parse_counter.py
[2025-09-15T21:10:47.123+0000] {processor.py:840} INFO - DAG(s) 'esg_company_counter' retrieved from /opt/airflow/dags/esg_files_to_parse_counter.py
[2025-09-15T21:10:47.159+0000] {logging_mixin.py:188} INFO - [2025-09-15T21:10:47.159+0000] {dag.py:3096} INFO - Sync 1 DAGs
[2025-09-15T21:10:47.187+0000] {logging_mixin.py:188} INFO - [2025-09-15T21:10:47.187+0000] {dag.py:3954} INFO - Setting next_dagrun for esg_company_counter to 2025-09-15 21:00:00+00:00, run_after=2025-09-15 22:00:00+00:00
[2025-09-15T21:10:47.212+0000] {processor.py:183} INFO - Processing /opt/airflow/dags/esg_files_to_parse_counter.py took 0.133 seconds
[2025-09-15T21:10:56.190+0000] {processor.py:161} INFO - Started process (PID=54) to work on /opt/airflow/dags/esg_files_to_parse_counter.py
[2025-09-15T21:10:56.192+0000] {processor.py:830} INFO - Processing file /opt/airflow/dags/esg_files_to_parse_counter.py for tasks to queue
[2025-09-15T21:10:56.195+0000] {logging_mixin.py:188} INFO - [2025-09-15T21:10:56.195+0000] {dagbag.py:540} INFO - Filling up the DagBag from /opt/airflow/dags/esg_files_to_parse_counter.py
[2025-09-15T21:10:56.227+0000] {processor.py:840} INFO - DAG(s) 'esg_company_counter' retrieved from /opt/airflow/dags/esg_files_to_parse_counter.py
[2025-09-15T21:10:56.266+0000] {logging_mixin.py:188} INFO - [2025-09-15T21:10:56.266+0000] {dag.py:3096} INFO - Sync 1 DAGs
[2025-09-15T21:10:56.295+0000] {logging_mixin.py:188} INFO - [2025-09-15T21:10:56.295+0000] {dag.py:3954} INFO - Setting next_dagrun for esg_company_counter to 2025-09-15 21:00:00+00:00, run_after=2025-09-15 22:00:00+00:00
[2025-09-15T21:10:56.320+0000] {processor.py:183} INFO - Processing /opt/airflow/dags/esg_files_to_parse_counter.py took 0.139 seconds
[2025-09-15T21:11:26.404+0000] {processor.py:161} INFO - Started process (PID=55) to work on /opt/airflow/dags/esg_files_to_parse_counter.py
[2025-09-15T21:11:26.406+0000] {processor.py:830} INFO - Processing file /opt/airflow/dags/esg_files_to_parse_counter.py for tasks to queue
[2025-09-15T21:11:26.408+0000] {logging_mixin.py:188} INFO - [2025-09-15T21:11:26.408+0000] {dagbag.py:540} INFO - Filling up the DagBag from /opt/airflow/dags/esg_files_to_parse_counter.py
[2025-09-15T21:11:26.433+0000] {processor.py:840} INFO - DAG(s) 'esg_company_counter' retrieved from /opt/airflow/dags/esg_files_to_parse_counter.py
[2025-09-15T21:11:26.464+0000] {logging_mixin.py:188} INFO - [2025-09-15T21:11:26.464+0000] {dag.py:3096} INFO - Sync 1 DAGs
[2025-09-15T21:11:26.489+0000] {logging_mixin.py:188} INFO - [2025-09-15T21:11:26.489+0000] {dag.py:3954} INFO - Setting next_dagrun for esg_company_counter to 2025-09-15 21:00:00+00:00, run_after=2025-09-15 22:00:00+00:00
[2025-09-15T21:11:26.509+0000] {processor.py:183} INFO - Processing /opt/airflow/dags/esg_files_to_parse_counter.py took 0.112 seconds
[2025-09-15T21:12:01.313+0000] {processor.py:161} INFO - Started process (PID=29) to work on /opt/airflow/dags/esg_files_to_parse_counter.py
[2025-09-15T21:12:01.314+0000] {processor.py:830} INFO - Processing file /opt/airflow/dags/esg_files_to_parse_counter.py for tasks to queue
[2025-09-15T21:12:01.316+0000] {logging_mixin.py:188} INFO - [2025-09-15T21:12:01.316+0000] {dagbag.py:540} INFO - Filling up the DagBag from /opt/airflow/dags/esg_files_to_parse_counter.py
[2025-09-15T21:12:01.364+0000] {processor.py:840} INFO - DAG(s) 'esg_company_counter' retrieved from /opt/airflow/dags/esg_files_to_parse_counter.py
[2025-09-15T21:12:01.409+0000] {logging_mixin.py:188} INFO - [2025-09-15T21:12:01.409+0000] {dag.py:3096} INFO - Sync 1 DAGs
[2025-09-15T21:12:01.438+0000] {logging_mixin.py:188} INFO - [2025-09-15T21:12:01.437+0000] {dag.py:3954} INFO - Setting next_dagrun for esg_company_counter to 2025-09-15 21:00:00+00:00, run_after=2025-09-15 22:00:00+00:00
[2025-09-15T21:12:01.462+0000] {processor.py:183} INFO - Processing /opt/airflow/dags/esg_files_to_parse_counter.py took 0.157 seconds
[2025-09-15T21:12:27.389+0000] {processor.py:161} INFO - Started process (PID=29) to work on /opt/airflow/dags/esg_files_to_parse_counter.py
[2025-09-15T21:12:27.390+0000] {processor.py:830} INFO - Processing file /opt/airflow/dags/esg_files_to_parse_counter.py for tasks to queue
[2025-09-15T21:12:27.392+0000] {logging_mixin.py:188} INFO - [2025-09-15T21:12:27.392+0000] {dagbag.py:540} INFO - Filling up the DagBag from /opt/airflow/dags/esg_files_to_parse_counter.py
[2025-09-15T21:12:27.414+0000] {processor.py:840} INFO - DAG(s) 'esg_company_counter' retrieved from /opt/airflow/dags/esg_files_to_parse_counter.py
[2025-09-15T21:12:27.460+0000] {logging_mixin.py:188} INFO - [2025-09-15T21:12:27.460+0000] {dag.py:3096} INFO - Sync 1 DAGs
[2025-09-15T21:12:27.485+0000] {logging_mixin.py:188} INFO - [2025-09-15T21:12:27.485+0000] {dag.py:3954} INFO - Setting next_dagrun for esg_company_counter to 2025-09-15 21:00:00+00:00, run_after=2025-09-15 22:00:00+00:00
[2025-09-15T21:12:27.507+0000] {processor.py:183} INFO - Processing /opt/airflow/dags/esg_files_to_parse_counter.py took 0.126 seconds
[2025-09-15T21:13:03.781+0000] {processor.py:161} INFO - Started process (PID=29) to work on /opt/airflow/dags/esg_files_to_parse_counter.py
[2025-09-15T21:13:03.783+0000] {processor.py:830} INFO - Processing file /opt/airflow/dags/esg_files_to_parse_counter.py for tasks to queue
[2025-09-15T21:13:03.788+0000] {logging_mixin.py:188} INFO - [2025-09-15T21:13:03.787+0000] {dagbag.py:540} INFO - Filling up the DagBag from /opt/airflow/dags/esg_files_to_parse_counter.py
[2025-09-15T21:13:03.832+0000] {processor.py:840} INFO - DAG(s) 'esg_company_counter' retrieved from /opt/airflow/dags/esg_files_to_parse_counter.py
[2025-09-15T21:13:04.212+0000] {logging_mixin.py:188} INFO - [2025-09-15T21:13:04.212+0000] {dag.py:3096} INFO - Sync 1 DAGs
[2025-09-15T21:13:04.242+0000] {logging_mixin.py:188} INFO - [2025-09-15T21:13:04.241+0000] {dag.py:3954} INFO - Setting next_dagrun for esg_company_counter to 2025-09-15 21:00:00+00:00, run_after=2025-09-15 22:00:00+00:00
[2025-09-15T21:13:04.276+0000] {processor.py:183} INFO - Processing /opt/airflow/dags/esg_files_to_parse_counter.py took 0.508 seconds
[2025-09-15T21:13:34.423+0000] {processor.py:161} INFO - Started process (PID=30) to work on /opt/airflow/dags/esg_files_to_parse_counter.py
[2025-09-15T21:13:34.424+0000] {processor.py:830} INFO - Processing file /opt/airflow/dags/esg_files_to_parse_counter.py for tasks to queue
[2025-09-15T21:13:34.427+0000] {logging_mixin.py:188} INFO - [2025-09-15T21:13:34.426+0000] {dagbag.py:540} INFO - Filling up the DagBag from /opt/airflow/dags/esg_files_to_parse_counter.py
[2025-09-15T21:13:34.451+0000] {processor.py:840} INFO - DAG(s) 'esg_company_counter' retrieved from /opt/airflow/dags/esg_files_to_parse_counter.py
[2025-09-15T21:13:34.487+0000] {logging_mixin.py:188} INFO - [2025-09-15T21:13:34.487+0000] {dag.py:3096} INFO - Sync 1 DAGs
[2025-09-15T21:13:34.512+0000] {logging_mixin.py:188} INFO - [2025-09-15T21:13:34.512+0000] {dag.py:3954} INFO - Setting next_dagrun for esg_company_counter to 2025-09-15 21:00:00+00:00, run_after=2025-09-15 22:00:00+00:00
[2025-09-15T21:13:34.532+0000] {processor.py:183} INFO - Processing /opt/airflow/dags/esg_files_to_parse_counter.py took 0.117 seconds
[2025-09-15T21:14:04.678+0000] {processor.py:161} INFO - Started process (PID=31) to work on /opt/airflow/dags/esg_files_to_parse_counter.py
[2025-09-15T21:14:04.679+0000] {processor.py:830} INFO - Processing file /opt/airflow/dags/esg_files_to_parse_counter.py for tasks to queue
[2025-09-15T21:14:04.682+0000] {logging_mixin.py:188} INFO - [2025-09-15T21:14:04.681+0000] {dagbag.py:540} INFO - Filling up the DagBag from /opt/airflow/dags/esg_files_to_parse_counter.py
[2025-09-15T21:14:04.701+0000] {processor.py:840} INFO - DAG(s) 'esg_company_counter' retrieved from /opt/airflow/dags/esg_files_to_parse_counter.py
[2025-09-15T21:14:04.736+0000] {logging_mixin.py:188} INFO - [2025-09-15T21:14:04.736+0000] {dag.py:3096} INFO - Sync 1 DAGs
[2025-09-15T21:14:04.758+0000] {logging_mixin.py:188} INFO - [2025-09-15T21:14:04.758+0000] {dag.py:3954} INFO - Setting next_dagrun for esg_company_counter to 2025-09-15 21:00:00+00:00, run_after=2025-09-15 22:00:00+00:00
[2025-09-15T21:14:04.777+0000] {processor.py:183} INFO - Processing /opt/airflow/dags/esg_files_to_parse_counter.py took 0.106 seconds
[2025-09-15T21:14:34.875+0000] {processor.py:161} INFO - Started process (PID=32) to work on /opt/airflow/dags/esg_files_to_parse_counter.py
[2025-09-15T21:14:34.876+0000] {processor.py:830} INFO - Processing file /opt/airflow/dags/esg_files_to_parse_counter.py for tasks to queue
[2025-09-15T21:14:34.885+0000] {logging_mixin.py:188} INFO - [2025-09-15T21:14:34.885+0000] {dagbag.py:540} INFO - Filling up the DagBag from /opt/airflow/dags/esg_files_to_parse_counter.py
[2025-09-15T21:14:34.931+0000] {processor.py:840} INFO - DAG(s) 'esg_company_counter' retrieved from /opt/airflow/dags/esg_files_to_parse_counter.py
[2025-09-15T21:14:35.025+0000] {logging_mixin.py:188} INFO - [2025-09-15T21:14:35.024+0000] {dag.py:3096} INFO - Sync 1 DAGs
[2025-09-15T21:14:35.069+0000] {logging_mixin.py:188} INFO - [2025-09-15T21:14:35.069+0000] {dag.py:3954} INFO - Setting next_dagrun for esg_company_counter to 2025-09-15 21:00:00+00:00, run_after=2025-09-15 22:00:00+00:00
[2025-09-15T21:14:35.097+0000] {processor.py:183} INFO - Processing /opt/airflow/dags/esg_files_to_parse_counter.py took 0.254 seconds
[2025-09-15T21:15:05.277+0000] {processor.py:161} INFO - Started process (PID=33) to work on /opt/airflow/dags/esg_files_to_parse_counter.py
[2025-09-15T21:15:05.281+0000] {processor.py:830} INFO - Processing file /opt/airflow/dags/esg_files_to_parse_counter.py for tasks to queue
[2025-09-15T21:15:05.290+0000] {logging_mixin.py:188} INFO - [2025-09-15T21:15:05.289+0000] {dagbag.py:540} INFO - Filling up the DagBag from /opt/airflow/dags/esg_files_to_parse_counter.py
[2025-09-15T21:15:05.317+0000] {processor.py:840} INFO - DAG(s) 'esg_company_counter' retrieved from /opt/airflow/dags/esg_files_to_parse_counter.py
[2025-09-15T21:15:05.383+0000] {logging_mixin.py:188} INFO - [2025-09-15T21:15:05.383+0000] {dag.py:3096} INFO - Sync 1 DAGs
[2025-09-15T21:15:05.442+0000] {logging_mixin.py:188} INFO - [2025-09-15T21:15:05.442+0000] {dag.py:3954} INFO - Setting next_dagrun for esg_company_counter to 2025-09-15 21:00:00+00:00, run_after=2025-09-15 22:00:00+00:00
[2025-09-15T21:15:05.482+0000] {processor.py:183} INFO - Processing /opt/airflow/dags/esg_files_to_parse_counter.py took 0.227 seconds
[2025-09-15T21:15:35.621+0000] {processor.py:161} INFO - Started process (PID=34) to work on /opt/airflow/dags/esg_files_to_parse_counter.py
[2025-09-15T21:15:35.622+0000] {processor.py:830} INFO - Processing file /opt/airflow/dags/esg_files_to_parse_counter.py for tasks to queue
[2025-09-15T21:15:35.625+0000] {logging_mixin.py:188} INFO - [2025-09-15T21:15:35.625+0000] {dagbag.py:540} INFO - Filling up the DagBag from /opt/airflow/dags/esg_files_to_parse_counter.py
[2025-09-15T21:15:35.646+0000] {processor.py:840} INFO - DAG(s) 'esg_company_counter' retrieved from /opt/airflow/dags/esg_files_to_parse_counter.py
[2025-09-15T21:15:35.677+0000] {logging_mixin.py:188} INFO - [2025-09-15T21:15:35.677+0000] {dag.py:3096} INFO - Sync 1 DAGs
[2025-09-15T21:15:35.702+0000] {logging_mixin.py:188} INFO - [2025-09-15T21:15:35.702+0000] {dag.py:3954} INFO - Setting next_dagrun for esg_company_counter to 2025-09-15 21:00:00+00:00, run_after=2025-09-15 22:00:00+00:00
[2025-09-15T21:15:35.732+0000] {processor.py:183} INFO - Processing /opt/airflow/dags/esg_files_to_parse_counter.py took 0.118 seconds
[2025-09-15T21:16:05.777+0000] {processor.py:161} INFO - Started process (PID=35) to work on /opt/airflow/dags/esg_files_to_parse_counter.py
[2025-09-15T21:16:05.778+0000] {processor.py:830} INFO - Processing file /opt/airflow/dags/esg_files_to_parse_counter.py for tasks to queue
[2025-09-15T21:16:05.780+0000] {logging_mixin.py:188} INFO - [2025-09-15T21:16:05.779+0000] {dagbag.py:540} INFO - Filling up the DagBag from /opt/airflow/dags/esg_files_to_parse_counter.py
[2025-09-15T21:16:05.799+0000] {processor.py:840} INFO - DAG(s) 'esg_company_counter' retrieved from /opt/airflow/dags/esg_files_to_parse_counter.py
[2025-09-15T21:16:05.829+0000] {logging_mixin.py:188} INFO - [2025-09-15T21:16:05.828+0000] {dag.py:3096} INFO - Sync 1 DAGs
[2025-09-15T21:16:05.867+0000] {logging_mixin.py:188} INFO - [2025-09-15T21:16:05.867+0000] {dag.py:3954} INFO - Setting next_dagrun for esg_company_counter to 2025-09-15 21:00:00+00:00, run_after=2025-09-15 22:00:00+00:00
[2025-09-15T21:16:05.906+0000] {processor.py:183} INFO - Processing /opt/airflow/dags/esg_files_to_parse_counter.py took 0.136 seconds
[2025-09-15T21:16:35.999+0000] {processor.py:161} INFO - Started process (PID=36) to work on /opt/airflow/dags/esg_files_to_parse_counter.py
[2025-09-15T21:16:36.000+0000] {processor.py:830} INFO - Processing file /opt/airflow/dags/esg_files_to_parse_counter.py for tasks to queue
[2025-09-15T21:16:36.001+0000] {logging_mixin.py:188} INFO - [2025-09-15T21:16:36.001+0000] {dagbag.py:540} INFO - Filling up the DagBag from /opt/airflow/dags/esg_files_to_parse_counter.py
[2025-09-15T21:16:36.025+0000] {processor.py:840} INFO - DAG(s) 'esg_company_counter' retrieved from /opt/airflow/dags/esg_files_to_parse_counter.py
[2025-09-15T21:16:36.058+0000] {logging_mixin.py:188} INFO - [2025-09-15T21:16:36.057+0000] {dag.py:3096} INFO - Sync 1 DAGs
[2025-09-15T21:16:36.084+0000] {logging_mixin.py:188} INFO - [2025-09-15T21:16:36.084+0000] {dag.py:3954} INFO - Setting next_dagrun for esg_company_counter to 2025-09-15 21:00:00+00:00, run_after=2025-09-15 22:00:00+00:00
[2025-09-15T21:16:36.112+0000] {processor.py:183} INFO - Processing /opt/airflow/dags/esg_files_to_parse_counter.py took 0.120 seconds
[2025-09-15T21:17:06.158+0000] {processor.py:161} INFO - Started process (PID=37) to work on /opt/airflow/dags/esg_files_to_parse_counter.py
[2025-09-15T21:17:06.158+0000] {processor.py:830} INFO - Processing file /opt/airflow/dags/esg_files_to_parse_counter.py for tasks to queue
[2025-09-15T21:17:06.161+0000] {logging_mixin.py:188} INFO - [2025-09-15T21:17:06.160+0000] {dagbag.py:540} INFO - Filling up the DagBag from /opt/airflow/dags/esg_files_to_parse_counter.py
[2025-09-15T21:17:06.181+0000] {processor.py:840} INFO - DAG(s) 'esg_company_counter' retrieved from /opt/airflow/dags/esg_files_to_parse_counter.py
[2025-09-15T21:17:06.212+0000] {logging_mixin.py:188} INFO - [2025-09-15T21:17:06.212+0000] {dag.py:3096} INFO - Sync 1 DAGs
[2025-09-15T21:17:06.234+0000] {logging_mixin.py:188} INFO - [2025-09-15T21:17:06.233+0000] {dag.py:3954} INFO - Setting next_dagrun for esg_company_counter to 2025-09-15 21:00:00+00:00, run_after=2025-09-15 22:00:00+00:00
[2025-09-15T21:17:06.259+0000] {processor.py:183} INFO - Processing /opt/airflow/dags/esg_files_to_parse_counter.py took 0.108 seconds
[2025-09-15T21:17:36.366+0000] {processor.py:161} INFO - Started process (PID=38) to work on /opt/airflow/dags/esg_files_to_parse_counter.py
[2025-09-15T21:17:36.367+0000] {processor.py:830} INFO - Processing file /opt/airflow/dags/esg_files_to_parse_counter.py for tasks to queue
[2025-09-15T21:17:36.369+0000] {logging_mixin.py:188} INFO - [2025-09-15T21:17:36.369+0000] {dagbag.py:540} INFO - Filling up the DagBag from /opt/airflow/dags/esg_files_to_parse_counter.py
[2025-09-15T21:17:36.396+0000] {processor.py:840} INFO - DAG(s) 'esg_company_counter' retrieved from /opt/airflow/dags/esg_files_to_parse_counter.py
[2025-09-15T21:17:36.434+0000] {logging_mixin.py:188} INFO - [2025-09-15T21:17:36.433+0000] {dag.py:3096} INFO - Sync 1 DAGs
[2025-09-15T21:17:36.461+0000] {logging_mixin.py:188} INFO - [2025-09-15T21:17:36.461+0000] {dag.py:3954} INFO - Setting next_dagrun for esg_company_counter to 2025-09-15 21:00:00+00:00, run_after=2025-09-15 22:00:00+00:00
[2025-09-15T21:17:36.492+0000] {processor.py:183} INFO - Processing /opt/airflow/dags/esg_files_to_parse_counter.py took 0.136 seconds
[2025-09-15T21:18:06.648+0000] {processor.py:161} INFO - Started process (PID=39) to work on /opt/airflow/dags/esg_files_to_parse_counter.py
[2025-09-15T21:18:06.650+0000] {processor.py:830} INFO - Processing file /opt/airflow/dags/esg_files_to_parse_counter.py for tasks to queue
[2025-09-15T21:18:06.652+0000] {logging_mixin.py:188} INFO - [2025-09-15T21:18:06.652+0000] {dagbag.py:540} INFO - Filling up the DagBag from /opt/airflow/dags/esg_files_to_parse_counter.py
[2025-09-15T21:18:06.676+0000] {processor.py:840} INFO - DAG(s) 'esg_company_counter' retrieved from /opt/airflow/dags/esg_files_to_parse_counter.py
[2025-09-15T21:18:06.711+0000] {logging_mixin.py:188} INFO - [2025-09-15T21:18:06.711+0000] {dag.py:3096} INFO - Sync 1 DAGs
[2025-09-15T21:18:06.738+0000] {logging_mixin.py:188} INFO - [2025-09-15T21:18:06.737+0000] {dag.py:3954} INFO - Setting next_dagrun for esg_company_counter to 2025-09-15 21:00:00+00:00, run_after=2025-09-15 22:00:00+00:00
[2025-09-15T21:18:06.770+0000] {processor.py:183} INFO - Processing /opt/airflow/dags/esg_files_to_parse_counter.py took 0.130 seconds
[2025-09-15T21:18:36.891+0000] {processor.py:161} INFO - Started process (PID=40) to work on /opt/airflow/dags/esg_files_to_parse_counter.py
[2025-09-15T21:18:36.892+0000] {processor.py:830} INFO - Processing file /opt/airflow/dags/esg_files_to_parse_counter.py for tasks to queue
[2025-09-15T21:18:36.894+0000] {logging_mixin.py:188} INFO - [2025-09-15T21:18:36.894+0000] {dagbag.py:540} INFO - Filling up the DagBag from /opt/airflow/dags/esg_files_to_parse_counter.py
[2025-09-15T21:18:36.913+0000] {processor.py:840} INFO - DAG(s) 'esg_company_counter' retrieved from /opt/airflow/dags/esg_files_to_parse_counter.py
[2025-09-15T21:18:36.942+0000] {logging_mixin.py:188} INFO - [2025-09-15T21:18:36.942+0000] {dag.py:3096} INFO - Sync 1 DAGs
[2025-09-15T21:18:36.964+0000] {logging_mixin.py:188} INFO - [2025-09-15T21:18:36.964+0000] {dag.py:3954} INFO - Setting next_dagrun for esg_company_counter to 2025-09-15 21:00:00+00:00, run_after=2025-09-15 22:00:00+00:00
[2025-09-15T21:18:36.992+0000] {processor.py:183} INFO - Processing /opt/airflow/dags/esg_files_to_parse_counter.py took 0.108 seconds
[2025-09-15T21:19:07.051+0000] {processor.py:161} INFO - Started process (PID=41) to work on /opt/airflow/dags/esg_files_to_parse_counter.py
[2025-09-15T21:19:07.052+0000] {processor.py:830} INFO - Processing file /opt/airflow/dags/esg_files_to_parse_counter.py for tasks to queue
[2025-09-15T21:19:07.055+0000] {logging_mixin.py:188} INFO - [2025-09-15T21:19:07.054+0000] {dagbag.py:540} INFO - Filling up the DagBag from /opt/airflow/dags/esg_files_to_parse_counter.py
[2025-09-15T21:19:07.098+0000] {processor.py:840} INFO - DAG(s) 'esg_company_counter' retrieved from /opt/airflow/dags/esg_files_to_parse_counter.py
[2025-09-15T21:19:07.130+0000] {logging_mixin.py:188} INFO - [2025-09-15T21:19:07.130+0000] {dag.py:3096} INFO - Sync 1 DAGs
[2025-09-15T21:19:07.156+0000] {logging_mixin.py:188} INFO - [2025-09-15T21:19:07.156+0000] {dag.py:3954} INFO - Setting next_dagrun for esg_company_counter to 2025-09-15 21:00:00+00:00, run_after=2025-09-15 22:00:00+00:00
[2025-09-15T21:19:07.179+0000] {processor.py:183} INFO - Processing /opt/airflow/dags/esg_files_to_parse_counter.py took 0.134 seconds
[2025-09-15T21:19:37.257+0000] {processor.py:161} INFO - Started process (PID=42) to work on /opt/airflow/dags/esg_files_to_parse_counter.py
[2025-09-15T21:19:37.258+0000] {processor.py:830} INFO - Processing file /opt/airflow/dags/esg_files_to_parse_counter.py for tasks to queue
[2025-09-15T21:19:37.260+0000] {logging_mixin.py:188} INFO - [2025-09-15T21:19:37.260+0000] {dagbag.py:540} INFO - Filling up the DagBag from /opt/airflow/dags/esg_files_to_parse_counter.py
[2025-09-15T21:19:37.281+0000] {processor.py:840} INFO - DAG(s) 'esg_company_counter' retrieved from /opt/airflow/dags/esg_files_to_parse_counter.py
[2025-09-15T21:19:37.312+0000] {logging_mixin.py:188} INFO - [2025-09-15T21:19:37.312+0000] {dag.py:3096} INFO - Sync 1 DAGs
[2025-09-15T21:19:37.336+0000] {logging_mixin.py:188} INFO - [2025-09-15T21:19:37.335+0000] {dag.py:3954} INFO - Setting next_dagrun for esg_company_counter to 2025-09-15 21:00:00+00:00, run_after=2025-09-15 22:00:00+00:00
[2025-09-15T21:19:37.363+0000] {processor.py:183} INFO - Processing /opt/airflow/dags/esg_files_to_parse_counter.py took 0.113 seconds
[2025-09-15T21:20:07.449+0000] {processor.py:161} INFO - Started process (PID=43) to work on /opt/airflow/dags/esg_files_to_parse_counter.py
[2025-09-15T21:20:07.450+0000] {processor.py:830} INFO - Processing file /opt/airflow/dags/esg_files_to_parse_counter.py for tasks to queue
[2025-09-15T21:20:07.452+0000] {logging_mixin.py:188} INFO - [2025-09-15T21:20:07.452+0000] {dagbag.py:540} INFO - Filling up the DagBag from /opt/airflow/dags/esg_files_to_parse_counter.py
[2025-09-15T21:20:07.471+0000] {processor.py:840} INFO - DAG(s) 'esg_company_counter' retrieved from /opt/airflow/dags/esg_files_to_parse_counter.py
[2025-09-15T21:20:07.500+0000] {logging_mixin.py:188} INFO - [2025-09-15T21:20:07.499+0000] {dag.py:3096} INFO - Sync 1 DAGs
[2025-09-15T21:20:07.523+0000] {logging_mixin.py:188} INFO - [2025-09-15T21:20:07.523+0000] {dag.py:3954} INFO - Setting next_dagrun for esg_company_counter to 2025-09-15 21:00:00+00:00, run_after=2025-09-15 22:00:00+00:00
[2025-09-15T21:20:07.542+0000] {processor.py:183} INFO - Processing /opt/airflow/dags/esg_files_to_parse_counter.py took 0.099 seconds
[2025-09-15T21:20:37.602+0000] {processor.py:161} INFO - Started process (PID=44) to work on /opt/airflow/dags/esg_files_to_parse_counter.py
[2025-09-15T21:20:37.603+0000] {processor.py:830} INFO - Processing file /opt/airflow/dags/esg_files_to_parse_counter.py for tasks to queue
[2025-09-15T21:20:37.605+0000] {logging_mixin.py:188} INFO - [2025-09-15T21:20:37.604+0000] {dagbag.py:540} INFO - Filling up the DagBag from /opt/airflow/dags/esg_files_to_parse_counter.py
[2025-09-15T21:20:37.626+0000] {processor.py:840} INFO - DAG(s) 'esg_company_counter' retrieved from /opt/airflow/dags/esg_files_to_parse_counter.py
[2025-09-15T21:20:37.664+0000] {logging_mixin.py:188} INFO - [2025-09-15T21:20:37.664+0000] {dag.py:3096} INFO - Sync 1 DAGs
[2025-09-15T21:20:37.693+0000] {logging_mixin.py:188} INFO - [2025-09-15T21:20:37.693+0000] {dag.py:3954} INFO - Setting next_dagrun for esg_company_counter to 2025-09-15 21:00:00+00:00, run_after=2025-09-15 22:00:00+00:00
[2025-09-15T21:20:37.734+0000] {processor.py:183} INFO - Processing /opt/airflow/dags/esg_files_to_parse_counter.py took 0.140 seconds
[2025-09-15T21:21:07.806+0000] {processor.py:161} INFO - Started process (PID=45) to work on /opt/airflow/dags/esg_files_to_parse_counter.py
[2025-09-15T21:21:07.807+0000] {processor.py:830} INFO - Processing file /opt/airflow/dags/esg_files_to_parse_counter.py for tasks to queue
[2025-09-15T21:21:07.810+0000] {logging_mixin.py:188} INFO - [2025-09-15T21:21:07.809+0000] {dagbag.py:540} INFO - Filling up the DagBag from /opt/airflow/dags/esg_files_to_parse_counter.py
[2025-09-15T21:21:07.838+0000] {processor.py:840} INFO - DAG(s) 'esg_company_counter' retrieved from /opt/airflow/dags/esg_files_to_parse_counter.py
[2025-09-15T21:21:07.874+0000] {logging_mixin.py:188} INFO - [2025-09-15T21:21:07.873+0000] {dag.py:3096} INFO - Sync 1 DAGs
[2025-09-15T21:21:07.896+0000] {logging_mixin.py:188} INFO - [2025-09-15T21:21:07.896+0000] {dag.py:3954} INFO - Setting next_dagrun for esg_company_counter to 2025-09-15 21:00:00+00:00, run_after=2025-09-15 22:00:00+00:00
[2025-09-15T21:21:07.919+0000] {processor.py:183} INFO - Processing /opt/airflow/dags/esg_files_to_parse_counter.py took 0.120 seconds
[2025-09-15T21:21:37.998+0000] {processor.py:161} INFO - Started process (PID=46) to work on /opt/airflow/dags/esg_files_to_parse_counter.py
[2025-09-15T21:21:37.999+0000] {processor.py:830} INFO - Processing file /opt/airflow/dags/esg_files_to_parse_counter.py for tasks to queue
[2025-09-15T21:21:38.002+0000] {logging_mixin.py:188} INFO - [2025-09-15T21:21:38.001+0000] {dagbag.py:540} INFO - Filling up the DagBag from /opt/airflow/dags/esg_files_to_parse_counter.py
[2025-09-15T21:21:38.033+0000] {processor.py:840} INFO - DAG(s) 'esg_company_counter' retrieved from /opt/airflow/dags/esg_files_to_parse_counter.py
[2025-09-15T21:21:38.069+0000] {logging_mixin.py:188} INFO - [2025-09-15T21:21:38.069+0000] {dag.py:3096} INFO - Sync 1 DAGs
[2025-09-15T21:21:38.103+0000] {logging_mixin.py:188} INFO - [2025-09-15T21:21:38.102+0000] {dag.py:3954} INFO - Setting next_dagrun for esg_company_counter to 2025-09-15 21:00:00+00:00, run_after=2025-09-15 22:00:00+00:00
[2025-09-15T21:21:38.130+0000] {processor.py:183} INFO - Processing /opt/airflow/dags/esg_files_to_parse_counter.py took 0.140 seconds
[2025-09-15T21:22:08.170+0000] {processor.py:161} INFO - Started process (PID=47) to work on /opt/airflow/dags/esg_files_to_parse_counter.py
[2025-09-15T21:22:08.170+0000] {processor.py:830} INFO - Processing file /opt/airflow/dags/esg_files_to_parse_counter.py for tasks to queue
[2025-09-15T21:22:08.173+0000] {logging_mixin.py:188} INFO - [2025-09-15T21:22:08.172+0000] {dagbag.py:540} INFO - Filling up the DagBag from /opt/airflow/dags/esg_files_to_parse_counter.py
[2025-09-15T21:22:08.193+0000] {processor.py:840} INFO - DAG(s) 'esg_company_counter' retrieved from /opt/airflow/dags/esg_files_to_parse_counter.py
[2025-09-15T21:22:08.223+0000] {logging_mixin.py:188} INFO - [2025-09-15T21:22:08.222+0000] {dag.py:3096} INFO - Sync 1 DAGs
[2025-09-15T21:22:08.248+0000] {logging_mixin.py:188} INFO - [2025-09-15T21:22:08.248+0000] {dag.py:3954} INFO - Setting next_dagrun for esg_company_counter to 2025-09-15 21:00:00+00:00, run_after=2025-09-15 22:00:00+00:00
[2025-09-15T21:22:08.276+0000] {processor.py:183} INFO - Processing /opt/airflow/dags/esg_files_to_parse_counter.py took 0.113 seconds
[2025-09-15T21:22:38.379+0000] {processor.py:161} INFO - Started process (PID=48) to work on /opt/airflow/dags/esg_files_to_parse_counter.py
[2025-09-15T21:22:38.380+0000] {processor.py:830} INFO - Processing file /opt/airflow/dags/esg_files_to_parse_counter.py for tasks to queue
[2025-09-15T21:22:38.382+0000] {logging_mixin.py:188} INFO - [2025-09-15T21:22:38.382+0000] {dagbag.py:540} INFO - Filling up the DagBag from /opt/airflow/dags/esg_files_to_parse_counter.py
[2025-09-15T21:22:38.403+0000] {processor.py:840} INFO - DAG(s) 'esg_company_counter' retrieved from /opt/airflow/dags/esg_files_to_parse_counter.py
[2025-09-15T21:22:38.436+0000] {logging_mixin.py:188} INFO - [2025-09-15T21:22:38.436+0000] {dag.py:3096} INFO - Sync 1 DAGs
[2025-09-15T21:22:38.460+0000] {logging_mixin.py:188} INFO - [2025-09-15T21:22:38.460+0000] {dag.py:3954} INFO - Setting next_dagrun for esg_company_counter to 2025-09-15 21:00:00+00:00, run_after=2025-09-15 22:00:00+00:00
[2025-09-15T21:22:38.480+0000] {processor.py:183} INFO - Processing /opt/airflow/dags/esg_files_to_parse_counter.py took 0.108 seconds
[2025-09-15T21:23:08.559+0000] {processor.py:161} INFO - Started process (PID=49) to work on /opt/airflow/dags/esg_files_to_parse_counter.py
[2025-09-15T21:23:08.560+0000] {processor.py:830} INFO - Processing file /opt/airflow/dags/esg_files_to_parse_counter.py for tasks to queue
[2025-09-15T21:23:08.563+0000] {logging_mixin.py:188} INFO - [2025-09-15T21:23:08.561+0000] {dagbag.py:540} INFO - Filling up the DagBag from /opt/airflow/dags/esg_files_to_parse_counter.py
[2025-09-15T21:23:08.583+0000] {processor.py:840} INFO - DAG(s) 'esg_company_counter' retrieved from /opt/airflow/dags/esg_files_to_parse_counter.py
[2025-09-15T21:23:08.615+0000] {logging_mixin.py:188} INFO - [2025-09-15T21:23:08.614+0000] {dag.py:3096} INFO - Sync 1 DAGs
[2025-09-15T21:23:08.639+0000] {logging_mixin.py:188} INFO - [2025-09-15T21:23:08.639+0000] {dag.py:3954} INFO - Setting next_dagrun for esg_company_counter to 2025-09-15 21:00:00+00:00, run_after=2025-09-15 22:00:00+00:00
[2025-09-15T21:23:08.661+0000] {processor.py:183} INFO - Processing /opt/airflow/dags/esg_files_to_parse_counter.py took 0.109 seconds
[2025-09-15T21:23:38.720+0000] {processor.py:161} INFO - Started process (PID=50) to work on /opt/airflow/dags/esg_files_to_parse_counter.py
[2025-09-15T21:23:38.721+0000] {processor.py:830} INFO - Processing file /opt/airflow/dags/esg_files_to_parse_counter.py for tasks to queue
[2025-09-15T21:23:38.724+0000] {logging_mixin.py:188} INFO - [2025-09-15T21:23:38.724+0000] {dagbag.py:540} INFO - Filling up the DagBag from /opt/airflow/dags/esg_files_to_parse_counter.py
[2025-09-15T21:23:38.749+0000] {processor.py:840} INFO - DAG(s) 'esg_company_counter' retrieved from /opt/airflow/dags/esg_files_to_parse_counter.py
[2025-09-15T21:23:38.782+0000] {logging_mixin.py:188} INFO - [2025-09-15T21:23:38.782+0000] {dag.py:3096} INFO - Sync 1 DAGs
[2025-09-15T21:23:38.807+0000] {logging_mixin.py:188} INFO - [2025-09-15T21:23:38.807+0000] {dag.py:3954} INFO - Setting next_dagrun for esg_company_counter to 2025-09-15 21:00:00+00:00, run_after=2025-09-15 22:00:00+00:00
[2025-09-15T21:23:38.830+0000] {processor.py:183} INFO - Processing /opt/airflow/dags/esg_files_to_parse_counter.py took 0.117 seconds
[2025-09-15T21:24:08.916+0000] {processor.py:161} INFO - Started process (PID=59) to work on /opt/airflow/dags/esg_files_to_parse_counter.py
[2025-09-15T21:24:08.917+0000] {processor.py:830} INFO - Processing file /opt/airflow/dags/esg_files_to_parse_counter.py for tasks to queue
[2025-09-15T21:24:08.919+0000] {logging_mixin.py:188} INFO - [2025-09-15T21:24:08.919+0000] {dagbag.py:540} INFO - Filling up the DagBag from /opt/airflow/dags/esg_files_to_parse_counter.py
[2025-09-15T21:24:08.944+0000] {processor.py:840} INFO - DAG(s) 'esg_company_counter' retrieved from /opt/airflow/dags/esg_files_to_parse_counter.py
[2025-09-15T21:24:08.978+0000] {logging_mixin.py:188} INFO - [2025-09-15T21:24:08.977+0000] {dag.py:3096} INFO - Sync 1 DAGs
[2025-09-15T21:24:09.012+0000] {logging_mixin.py:188} INFO - [2025-09-15T21:24:09.012+0000] {dag.py:3954} INFO - Setting next_dagrun for esg_company_counter to 2025-09-15 21:00:00+00:00, run_after=2025-09-15 22:00:00+00:00
[2025-09-15T21:24:09.035+0000] {processor.py:183} INFO - Processing /opt/airflow/dags/esg_files_to_parse_counter.py took 0.126 seconds
[2025-09-15T21:24:39.122+0000] {processor.py:161} INFO - Started process (PID=68) to work on /opt/airflow/dags/esg_files_to_parse_counter.py
[2025-09-15T21:24:39.122+0000] {processor.py:830} INFO - Processing file /opt/airflow/dags/esg_files_to_parse_counter.py for tasks to queue
[2025-09-15T21:24:39.124+0000] {logging_mixin.py:188} INFO - [2025-09-15T21:24:39.124+0000] {dagbag.py:540} INFO - Filling up the DagBag from /opt/airflow/dags/esg_files_to_parse_counter.py
[2025-09-15T21:24:39.145+0000] {processor.py:840} INFO - DAG(s) 'esg_company_counter' retrieved from /opt/airflow/dags/esg_files_to_parse_counter.py
[2025-09-15T21:24:39.197+0000] {logging_mixin.py:188} INFO - [2025-09-15T21:24:39.197+0000] {dag.py:3096} INFO - Sync 1 DAGs
[2025-09-15T21:24:39.229+0000] {logging_mixin.py:188} INFO - [2025-09-15T21:24:39.229+0000] {dag.py:3954} INFO - Setting next_dagrun for esg_company_counter to 2025-09-15 21:00:00+00:00, run_after=2025-09-15 22:00:00+00:00
[2025-09-15T21:24:39.253+0000] {processor.py:183} INFO - Processing /opt/airflow/dags/esg_files_to_parse_counter.py took 0.138 seconds
[2025-09-15T21:25:09.352+0000] {processor.py:161} INFO - Started process (PID=69) to work on /opt/airflow/dags/esg_files_to_parse_counter.py
[2025-09-15T21:25:09.353+0000] {processor.py:830} INFO - Processing file /opt/airflow/dags/esg_files_to_parse_counter.py for tasks to queue
[2025-09-15T21:25:09.361+0000] {logging_mixin.py:188} INFO - [2025-09-15T21:25:09.359+0000] {dagbag.py:540} INFO - Filling up the DagBag from /opt/airflow/dags/esg_files_to_parse_counter.py
[2025-09-15T21:25:09.398+0000] {processor.py:840} INFO - DAG(s) 'esg_company_counter' retrieved from /opt/airflow/dags/esg_files_to_parse_counter.py
[2025-09-15T21:25:09.465+0000] {logging_mixin.py:188} INFO - [2025-09-15T21:25:09.464+0000] {dag.py:3096} INFO - Sync 1 DAGs
[2025-09-15T21:25:09.514+0000] {logging_mixin.py:188} INFO - [2025-09-15T21:25:09.514+0000] {dag.py:3954} INFO - Setting next_dagrun for esg_company_counter to 2025-09-15 21:00:00+00:00, run_after=2025-09-15 22:00:00+00:00
[2025-09-15T21:25:09.545+0000] {processor.py:183} INFO - Processing /opt/airflow/dags/esg_files_to_parse_counter.py took 0.214 seconds
[2025-09-15T21:25:39.673+0000] {processor.py:161} INFO - Started process (PID=70) to work on /opt/airflow/dags/esg_files_to_parse_counter.py
[2025-09-15T21:25:39.674+0000] {processor.py:830} INFO - Processing file /opt/airflow/dags/esg_files_to_parse_counter.py for tasks to queue
[2025-09-15T21:25:39.677+0000] {logging_mixin.py:188} INFO - [2025-09-15T21:25:39.676+0000] {dagbag.py:540} INFO - Filling up the DagBag from /opt/airflow/dags/esg_files_to_parse_counter.py
[2025-09-15T21:25:39.702+0000] {processor.py:840} INFO - DAG(s) 'esg_company_counter' retrieved from /opt/airflow/dags/esg_files_to_parse_counter.py
[2025-09-15T21:25:39.733+0000] {logging_mixin.py:188} INFO - [2025-09-15T21:25:39.733+0000] {dag.py:3096} INFO - Sync 1 DAGs
[2025-09-15T21:25:39.755+0000] {logging_mixin.py:188} INFO - [2025-09-15T21:25:39.755+0000] {dag.py:3954} INFO - Setting next_dagrun for esg_company_counter to 2025-09-15 21:00:00+00:00, run_after=2025-09-15 22:00:00+00:00
[2025-09-15T21:25:39.774+0000] {processor.py:183} INFO - Processing /opt/airflow/dags/esg_files_to_parse_counter.py took 0.111 seconds
[2025-09-15T21:26:09.896+0000] {processor.py:161} INFO - Started process (PID=71) to work on /opt/airflow/dags/esg_files_to_parse_counter.py
[2025-09-15T21:26:09.897+0000] {processor.py:830} INFO - Processing file /opt/airflow/dags/esg_files_to_parse_counter.py for tasks to queue
[2025-09-15T21:26:09.899+0000] {logging_mixin.py:188} INFO - [2025-09-15T21:26:09.899+0000] {dagbag.py:540} INFO - Filling up the DagBag from /opt/airflow/dags/esg_files_to_parse_counter.py
[2025-09-15T21:26:09.921+0000] {processor.py:840} INFO - DAG(s) 'esg_company_counter' retrieved from /opt/airflow/dags/esg_files_to_parse_counter.py
[2025-09-15T21:26:09.952+0000] {logging_mixin.py:188} INFO - [2025-09-15T21:26:09.952+0000] {dag.py:3096} INFO - Sync 1 DAGs
[2025-09-15T21:26:09.983+0000] {logging_mixin.py:188} INFO - [2025-09-15T21:26:09.982+0000] {dag.py:3954} INFO - Setting next_dagrun for esg_company_counter to 2025-09-15 21:00:00+00:00, run_after=2025-09-15 22:00:00+00:00
[2025-09-15T21:26:10.002+0000] {processor.py:183} INFO - Processing /opt/airflow/dags/esg_files_to_parse_counter.py took 0.112 seconds
[2025-09-15T21:26:40.047+0000] {processor.py:161} INFO - Started process (PID=72) to work on /opt/airflow/dags/esg_files_to_parse_counter.py
[2025-09-15T21:26:40.047+0000] {processor.py:830} INFO - Processing file /opt/airflow/dags/esg_files_to_parse_counter.py for tasks to queue
[2025-09-15T21:26:40.049+0000] {logging_mixin.py:188} INFO - [2025-09-15T21:26:40.049+0000] {dagbag.py:540} INFO - Filling up the DagBag from /opt/airflow/dags/esg_files_to_parse_counter.py
[2025-09-15T21:26:40.069+0000] {processor.py:840} INFO - DAG(s) 'esg_company_counter' retrieved from /opt/airflow/dags/esg_files_to_parse_counter.py
[2025-09-15T21:26:40.097+0000] {logging_mixin.py:188} INFO - [2025-09-15T21:26:40.097+0000] {dag.py:3096} INFO - Sync 1 DAGs
[2025-09-15T21:26:40.124+0000] {logging_mixin.py:188} INFO - [2025-09-15T21:26:40.124+0000] {dag.py:3954} INFO - Setting next_dagrun for esg_company_counter to 2025-09-15 21:00:00+00:00, run_after=2025-09-15 22:00:00+00:00
[2025-09-15T21:26:40.153+0000] {processor.py:183} INFO - Processing /opt/airflow/dags/esg_files_to_parse_counter.py took 0.112 seconds
[2025-09-15T21:27:10.256+0000] {processor.py:161} INFO - Started process (PID=73) to work on /opt/airflow/dags/esg_files_to_parse_counter.py
[2025-09-15T21:27:10.256+0000] {processor.py:830} INFO - Processing file /opt/airflow/dags/esg_files_to_parse_counter.py for tasks to queue
[2025-09-15T21:27:10.258+0000] {logging_mixin.py:188} INFO - [2025-09-15T21:27:10.258+0000] {dagbag.py:540} INFO - Filling up the DagBag from /opt/airflow/dags/esg_files_to_parse_counter.py
[2025-09-15T21:27:10.277+0000] {processor.py:840} INFO - DAG(s) 'esg_company_counter' retrieved from /opt/airflow/dags/esg_files_to_parse_counter.py
[2025-09-15T21:27:10.307+0000] {logging_mixin.py:188} INFO - [2025-09-15T21:27:10.306+0000] {dag.py:3096} INFO - Sync 1 DAGs
[2025-09-15T21:27:10.330+0000] {logging_mixin.py:188} INFO - [2025-09-15T21:27:10.330+0000] {dag.py:3954} INFO - Setting next_dagrun for esg_company_counter to 2025-09-15 21:00:00+00:00, run_after=2025-09-15 22:00:00+00:00
[2025-09-15T21:27:10.349+0000] {processor.py:183} INFO - Processing /opt/airflow/dags/esg_files_to_parse_counter.py took 0.099 seconds
[2025-09-15T21:27:40.399+0000] {processor.py:161} INFO - Started process (PID=74) to work on /opt/airflow/dags/esg_files_to_parse_counter.py
[2025-09-15T21:27:40.400+0000] {processor.py:830} INFO - Processing file /opt/airflow/dags/esg_files_to_parse_counter.py for tasks to queue
[2025-09-15T21:27:40.403+0000] {logging_mixin.py:188} INFO - [2025-09-15T21:27:40.402+0000] {dagbag.py:540} INFO - Filling up the DagBag from /opt/airflow/dags/esg_files_to_parse_counter.py
[2025-09-15T21:27:40.425+0000] {processor.py:840} INFO - DAG(s) 'esg_company_counter' retrieved from /opt/airflow/dags/esg_files_to_parse_counter.py
[2025-09-15T21:27:40.457+0000] {logging_mixin.py:188} INFO - [2025-09-15T21:27:40.457+0000] {dag.py:3096} INFO - Sync 1 DAGs
[2025-09-15T21:27:40.489+0000] {logging_mixin.py:188} INFO - [2025-09-15T21:27:40.489+0000] {dag.py:3954} INFO - Setting next_dagrun for esg_company_counter to 2025-09-15 21:00:00+00:00, run_after=2025-09-15 22:00:00+00:00
[2025-09-15T21:27:40.512+0000] {processor.py:183} INFO - Processing /opt/airflow/dags/esg_files_to_parse_counter.py took 0.119 seconds
[2025-09-15T21:28:10.687+0000] {processor.py:161} INFO - Started process (PID=76) to work on /opt/airflow/dags/esg_files_to_parse_counter.py
[2025-09-15T21:28:10.689+0000] {processor.py:830} INFO - Processing file /opt/airflow/dags/esg_files_to_parse_counter.py for tasks to queue
[2025-09-15T21:28:10.708+0000] {logging_mixin.py:188} INFO - [2025-09-15T21:28:10.699+0000] {dagbag.py:540} INFO - Filling up the DagBag from /opt/airflow/dags/esg_files_to_parse_counter.py
[2025-09-15T21:28:10.760+0000] {processor.py:840} INFO - DAG(s) 'esg_company_counter' retrieved from /opt/airflow/dags/esg_files_to_parse_counter.py
[2025-09-15T21:28:10.821+0000] {logging_mixin.py:188} INFO - [2025-09-15T21:28:10.820+0000] {dag.py:3096} INFO - Sync 1 DAGs
[2025-09-15T21:28:10.893+0000] {logging_mixin.py:188} INFO - [2025-09-15T21:28:10.893+0000] {dag.py:3954} INFO - Setting next_dagrun for esg_company_counter to 2025-09-15 21:00:00+00:00, run_after=2025-09-15 22:00:00+00:00
[2025-09-15T21:28:10.922+0000] {processor.py:183} INFO - Processing /opt/airflow/dags/esg_files_to_parse_counter.py took 0.249 seconds
[2025-09-15T21:28:41.106+0000] {processor.py:161} INFO - Started process (PID=78) to work on /opt/airflow/dags/esg_files_to_parse_counter.py
[2025-09-15T21:28:41.107+0000] {processor.py:830} INFO - Processing file /opt/airflow/dags/esg_files_to_parse_counter.py for tasks to queue
[2025-09-15T21:28:41.109+0000] {logging_mixin.py:188} INFO - [2025-09-15T21:28:41.109+0000] {dagbag.py:540} INFO - Filling up the DagBag from /opt/airflow/dags/esg_files_to_parse_counter.py
[2025-09-15T21:28:41.131+0000] {processor.py:840} INFO - DAG(s) 'esg_company_counter' retrieved from /opt/airflow/dags/esg_files_to_parse_counter.py
[2025-09-15T21:28:41.268+0000] {logging_mixin.py:188} INFO - [2025-09-15T21:28:41.267+0000] {dag.py:3096} INFO - Sync 1 DAGs
[2025-09-15T21:28:41.302+0000] {logging_mixin.py:188} INFO - [2025-09-15T21:28:41.302+0000] {dag.py:3954} INFO - Setting next_dagrun for esg_company_counter to 2025-09-15 21:00:00+00:00, run_after=2025-09-15 22:00:00+00:00
[2025-09-15T21:28:41.329+0000] {processor.py:183} INFO - Processing /opt/airflow/dags/esg_files_to_parse_counter.py took 0.229 seconds
[2025-09-15T21:29:11.490+0000] {processor.py:161} INFO - Started process (PID=80) to work on /opt/airflow/dags/esg_files_to_parse_counter.py
[2025-09-15T21:29:11.491+0000] {processor.py:830} INFO - Processing file /opt/airflow/dags/esg_files_to_parse_counter.py for tasks to queue
[2025-09-15T21:29:11.493+0000] {logging_mixin.py:188} INFO - [2025-09-15T21:29:11.493+0000] {dagbag.py:540} INFO - Filling up the DagBag from /opt/airflow/dags/esg_files_to_parse_counter.py
[2025-09-15T21:29:11.518+0000] {processor.py:840} INFO - DAG(s) 'esg_company_counter' retrieved from /opt/airflow/dags/esg_files_to_parse_counter.py
[2025-09-15T21:29:11.551+0000] {logging_mixin.py:188} INFO - [2025-09-15T21:29:11.551+0000] {dag.py:3096} INFO - Sync 1 DAGs
[2025-09-15T21:29:11.573+0000] {logging_mixin.py:188} INFO - [2025-09-15T21:29:11.572+0000] {dag.py:3954} INFO - Setting next_dagrun for esg_company_counter to 2025-09-15 21:00:00+00:00, run_after=2025-09-15 22:00:00+00:00
[2025-09-15T21:29:11.590+0000] {processor.py:183} INFO - Processing /opt/airflow/dags/esg_files_to_parse_counter.py took 0.106 seconds
[2025-09-15T21:29:43.925+0000] {processor.py:161} INFO - Started process (PID=30) to work on /opt/airflow/dags/esg_files_to_parse_counter.py
[2025-09-15T21:29:43.927+0000] {processor.py:830} INFO - Processing file /opt/airflow/dags/esg_files_to_parse_counter.py for tasks to queue
[2025-09-15T21:29:43.931+0000] {logging_mixin.py:188} INFO - [2025-09-15T21:29:43.930+0000] {dagbag.py:540} INFO - Filling up the DagBag from /opt/airflow/dags/esg_files_to_parse_counter.py
[2025-09-15T21:29:43.961+0000] {processor.py:840} INFO - DAG(s) 'esg_company_counter' retrieved from /opt/airflow/dags/esg_files_to_parse_counter.py
[2025-09-15T21:29:44.034+0000] {logging_mixin.py:188} INFO - [2025-09-15T21:29:44.034+0000] {dag.py:3096} INFO - Sync 1 DAGs
[2025-09-15T21:29:44.070+0000] {logging_mixin.py:188} INFO - [2025-09-15T21:29:44.070+0000] {dag.py:3954} INFO - Setting next_dagrun for esg_company_counter to 2025-09-15 21:00:00+00:00, run_after=2025-09-15 22:00:00+00:00
[2025-09-15T21:29:44.098+0000] {processor.py:183} INFO - Processing /opt/airflow/dags/esg_files_to_parse_counter.py took 0.181 seconds
[2025-09-15T21:30:14.248+0000] {processor.py:161} INFO - Started process (PID=32) to work on /opt/airflow/dags/esg_files_to_parse_counter.py
[2025-09-15T21:30:14.249+0000] {processor.py:830} INFO - Processing file /opt/airflow/dags/esg_files_to_parse_counter.py for tasks to queue
[2025-09-15T21:30:14.251+0000] {logging_mixin.py:188} INFO - [2025-09-15T21:30:14.251+0000] {dagbag.py:540} INFO - Filling up the DagBag from /opt/airflow/dags/esg_files_to_parse_counter.py
[2025-09-15T21:30:14.273+0000] {processor.py:840} INFO - DAG(s) 'esg_company_counter' retrieved from /opt/airflow/dags/esg_files_to_parse_counter.py
[2025-09-15T21:30:14.302+0000] {logging_mixin.py:188} INFO - [2025-09-15T21:30:14.302+0000] {dag.py:3096} INFO - Sync 1 DAGs
[2025-09-15T21:30:14.331+0000] {logging_mixin.py:188} INFO - [2025-09-15T21:30:14.330+0000] {dag.py:3954} INFO - Setting next_dagrun for esg_company_counter to 2025-09-15 21:00:00+00:00, run_after=2025-09-15 22:00:00+00:00
[2025-09-15T21:30:14.352+0000] {processor.py:183} INFO - Processing /opt/airflow/dags/esg_files_to_parse_counter.py took 0.110 seconds
[2025-09-15T21:30:44.418+0000] {processor.py:161} INFO - Started process (PID=34) to work on /opt/airflow/dags/esg_files_to_parse_counter.py
[2025-09-15T21:30:44.418+0000] {processor.py:830} INFO - Processing file /opt/airflow/dags/esg_files_to_parse_counter.py for tasks to queue
[2025-09-15T21:30:44.422+0000] {logging_mixin.py:188} INFO - [2025-09-15T21:30:44.421+0000] {dagbag.py:540} INFO - Filling up the DagBag from /opt/airflow/dags/esg_files_to_parse_counter.py
[2025-09-15T21:30:44.444+0000] {processor.py:840} INFO - DAG(s) 'esg_company_counter' retrieved from /opt/airflow/dags/esg_files_to_parse_counter.py
[2025-09-15T21:30:44.481+0000] {logging_mixin.py:188} INFO - [2025-09-15T21:30:44.481+0000] {dag.py:3096} INFO - Sync 1 DAGs
[2025-09-15T21:30:44.508+0000] {logging_mixin.py:188} INFO - [2025-09-15T21:30:44.508+0000] {dag.py:3954} INFO - Setting next_dagrun for esg_company_counter to 2025-09-15 21:00:00+00:00, run_after=2025-09-15 22:00:00+00:00
[2025-09-15T21:30:44.528+0000] {processor.py:183} INFO - Processing /opt/airflow/dags/esg_files_to_parse_counter.py took 0.116 seconds
[2025-09-15T21:31:14.724+0000] {processor.py:161} INFO - Started process (PID=36) to work on /opt/airflow/dags/esg_files_to_parse_counter.py
[2025-09-15T21:31:14.725+0000] {processor.py:830} INFO - Processing file /opt/airflow/dags/esg_files_to_parse_counter.py for tasks to queue
[2025-09-15T21:31:14.727+0000] {logging_mixin.py:188} INFO - [2025-09-15T21:31:14.727+0000] {dagbag.py:540} INFO - Filling up the DagBag from /opt/airflow/dags/esg_files_to_parse_counter.py
[2025-09-15T21:31:14.748+0000] {processor.py:840} INFO - DAG(s) 'esg_company_counter' retrieved from /opt/airflow/dags/esg_files_to_parse_counter.py
[2025-09-15T21:31:14.790+0000] {logging_mixin.py:188} INFO - [2025-09-15T21:31:14.790+0000] {dag.py:3096} INFO - Sync 1 DAGs
[2025-09-15T21:31:14.820+0000] {logging_mixin.py:188} INFO - [2025-09-15T21:31:14.820+0000] {dag.py:3954} INFO - Setting next_dagrun for esg_company_counter to 2025-09-15 21:00:00+00:00, run_after=2025-09-15 22:00:00+00:00
[2025-09-15T21:31:14.850+0000] {processor.py:183} INFO - Processing /opt/airflow/dags/esg_files_to_parse_counter.py took 0.133 seconds
[2025-09-15T21:31:44.899+0000] {processor.py:161} INFO - Started process (PID=46) to work on /opt/airflow/dags/esg_files_to_parse_counter.py
[2025-09-15T21:31:44.900+0000] {processor.py:830} INFO - Processing file /opt/airflow/dags/esg_files_to_parse_counter.py for tasks to queue
[2025-09-15T21:31:44.902+0000] {logging_mixin.py:188} INFO - [2025-09-15T21:31:44.901+0000] {dagbag.py:540} INFO - Filling up the DagBag from /opt/airflow/dags/esg_files_to_parse_counter.py
[2025-09-15T21:31:44.925+0000] {processor.py:840} INFO - DAG(s) 'esg_company_counter' retrieved from /opt/airflow/dags/esg_files_to_parse_counter.py
[2025-09-15T21:31:44.957+0000] {logging_mixin.py:188} INFO - [2025-09-15T21:31:44.957+0000] {dag.py:3096} INFO - Sync 1 DAGs
[2025-09-15T21:31:44.982+0000] {logging_mixin.py:188} INFO - [2025-09-15T21:31:44.982+0000] {dag.py:3954} INFO - Setting next_dagrun for esg_company_counter to 2025-09-15 21:00:00+00:00, run_after=2025-09-15 22:00:00+00:00
[2025-09-15T21:31:45.002+0000] {processor.py:183} INFO - Processing /opt/airflow/dags/esg_files_to_parse_counter.py took 0.109 seconds
[2025-09-15T21:32:15.200+0000] {processor.py:161} INFO - Started process (PID=56) to work on /opt/airflow/dags/esg_files_to_parse_counter.py
[2025-09-15T21:32:15.201+0000] {processor.py:830} INFO - Processing file /opt/airflow/dags/esg_files_to_parse_counter.py for tasks to queue
[2025-09-15T21:32:15.204+0000] {logging_mixin.py:188} INFO - [2025-09-15T21:32:15.203+0000] {dagbag.py:540} INFO - Filling up the DagBag from /opt/airflow/dags/esg_files_to_parse_counter.py
[2025-09-15T21:32:15.228+0000] {processor.py:840} INFO - DAG(s) 'esg_company_counter' retrieved from /opt/airflow/dags/esg_files_to_parse_counter.py
[2025-09-15T21:32:15.260+0000] {logging_mixin.py:188} INFO - [2025-09-15T21:32:15.260+0000] {dag.py:3096} INFO - Sync 1 DAGs
[2025-09-15T21:32:15.289+0000] {logging_mixin.py:188} INFO - [2025-09-15T21:32:15.288+0000] {dag.py:3954} INFO - Setting next_dagrun for esg_company_counter to 2025-09-15 21:00:00+00:00, run_after=2025-09-15 22:00:00+00:00
[2025-09-15T21:32:15.317+0000] {processor.py:183} INFO - Processing /opt/airflow/dags/esg_files_to_parse_counter.py took 0.123 seconds
[2025-09-15T21:32:45.384+0000] {processor.py:161} INFO - Started process (PID=72) to work on /opt/airflow/dags/esg_files_to_parse_counter.py
[2025-09-15T21:32:45.385+0000] {processor.py:830} INFO - Processing file /opt/airflow/dags/esg_files_to_parse_counter.py for tasks to queue
[2025-09-15T21:32:45.388+0000] {logging_mixin.py:188} INFO - [2025-09-15T21:32:45.387+0000] {dagbag.py:540} INFO - Filling up the DagBag from /opt/airflow/dags/esg_files_to_parse_counter.py
[2025-09-15T21:32:45.411+0000] {processor.py:840} INFO - DAG(s) 'esg_company_counter' retrieved from /opt/airflow/dags/esg_files_to_parse_counter.py
[2025-09-15T21:32:45.445+0000] {logging_mixin.py:188} INFO - [2025-09-15T21:32:45.444+0000] {dag.py:3096} INFO - Sync 1 DAGs
[2025-09-15T21:32:45.469+0000] {logging_mixin.py:188} INFO - [2025-09-15T21:32:45.469+0000] {dag.py:3954} INFO - Setting next_dagrun for esg_company_counter to 2025-09-15 21:00:00+00:00, run_after=2025-09-15 22:00:00+00:00
[2025-09-15T21:32:45.489+0000] {processor.py:183} INFO - Processing /opt/airflow/dags/esg_files_to_parse_counter.py took 0.113 seconds
[2025-09-15T21:33:15.678+0000] {processor.py:161} INFO - Started process (PID=82) to work on /opt/airflow/dags/esg_files_to_parse_counter.py
[2025-09-15T21:33:15.679+0000] {processor.py:830} INFO - Processing file /opt/airflow/dags/esg_files_to_parse_counter.py for tasks to queue
[2025-09-15T21:33:15.682+0000] {logging_mixin.py:188} INFO - [2025-09-15T21:33:15.682+0000] {dagbag.py:540} INFO - Filling up the DagBag from /opt/airflow/dags/esg_files_to_parse_counter.py
[2025-09-15T21:33:15.710+0000] {processor.py:840} INFO - DAG(s) 'esg_company_counter' retrieved from /opt/airflow/dags/esg_files_to_parse_counter.py
[2025-09-15T21:33:15.747+0000] {logging_mixin.py:188} INFO - [2025-09-15T21:33:15.747+0000] {dag.py:3096} INFO - Sync 1 DAGs
[2025-09-15T21:33:15.777+0000] {logging_mixin.py:188} INFO - [2025-09-15T21:33:15.777+0000] {dag.py:3954} INFO - Setting next_dagrun for esg_company_counter to 2025-09-15 21:00:00+00:00, run_after=2025-09-15 22:00:00+00:00
[2025-09-15T21:33:15.799+0000] {processor.py:183} INFO - Processing /opt/airflow/dags/esg_files_to_parse_counter.py took 0.130 seconds
[2025-09-15T21:33:45.845+0000] {processor.py:161} INFO - Started process (PID=84) to work on /opt/airflow/dags/esg_files_to_parse_counter.py
[2025-09-15T21:33:45.846+0000] {processor.py:830} INFO - Processing file /opt/airflow/dags/esg_files_to_parse_counter.py for tasks to queue
[2025-09-15T21:33:45.848+0000] {logging_mixin.py:188} INFO - [2025-09-15T21:33:45.848+0000] {dagbag.py:540} INFO - Filling up the DagBag from /opt/airflow/dags/esg_files_to_parse_counter.py
[2025-09-15T21:33:45.870+0000] {processor.py:840} INFO - DAG(s) 'esg_company_counter' retrieved from /opt/airflow/dags/esg_files_to_parse_counter.py
[2025-09-15T21:33:45.901+0000] {logging_mixin.py:188} INFO - [2025-09-15T21:33:45.901+0000] {dag.py:3096} INFO - Sync 1 DAGs
[2025-09-15T21:33:45.925+0000] {logging_mixin.py:188} INFO - [2025-09-15T21:33:45.925+0000] {dag.py:3954} INFO - Setting next_dagrun for esg_company_counter to 2025-09-15 21:00:00+00:00, run_after=2025-09-15 22:00:00+00:00
[2025-09-15T21:33:45.943+0000] {processor.py:183} INFO - Processing /opt/airflow/dags/esg_files_to_parse_counter.py took 0.105 seconds
[2025-09-15T21:34:16.130+0000] {processor.py:161} INFO - Started process (PID=86) to work on /opt/airflow/dags/esg_files_to_parse_counter.py
[2025-09-15T21:34:16.131+0000] {processor.py:830} INFO - Processing file /opt/airflow/dags/esg_files_to_parse_counter.py for tasks to queue
[2025-09-15T21:34:16.133+0000] {logging_mixin.py:188} INFO - [2025-09-15T21:34:16.133+0000] {dagbag.py:540} INFO - Filling up the DagBag from /opt/airflow/dags/esg_files_to_parse_counter.py
[2025-09-15T21:34:16.154+0000] {processor.py:840} INFO - DAG(s) 'esg_company_counter' retrieved from /opt/airflow/dags/esg_files_to_parse_counter.py
[2025-09-15T21:34:16.185+0000] {logging_mixin.py:188} INFO - [2025-09-15T21:34:16.185+0000] {dag.py:3096} INFO - Sync 1 DAGs
[2025-09-15T21:34:16.209+0000] {logging_mixin.py:188} INFO - [2025-09-15T21:34:16.209+0000] {dag.py:3954} INFO - Setting next_dagrun for esg_company_counter to 2025-09-15 21:00:00+00:00, run_after=2025-09-15 22:00:00+00:00
[2025-09-15T21:34:16.230+0000] {processor.py:183} INFO - Processing /opt/airflow/dags/esg_files_to_parse_counter.py took 0.111 seconds
[2025-09-15T21:34:46.446+0000] {processor.py:161} INFO - Started process (PID=88) to work on /opt/airflow/dags/esg_files_to_parse_counter.py
[2025-09-15T21:34:46.447+0000] {processor.py:830} INFO - Processing file /opt/airflow/dags/esg_files_to_parse_counter.py for tasks to queue
[2025-09-15T21:34:46.450+0000] {logging_mixin.py:188} INFO - [2025-09-15T21:34:46.449+0000] {dagbag.py:540} INFO - Filling up the DagBag from /opt/airflow/dags/esg_files_to_parse_counter.py
[2025-09-15T21:34:46.469+0000] {processor.py:840} INFO - DAG(s) 'esg_company_counter' retrieved from /opt/airflow/dags/esg_files_to_parse_counter.py
[2025-09-15T21:34:46.505+0000] {logging_mixin.py:188} INFO - [2025-09-15T21:34:46.504+0000] {dag.py:3096} INFO - Sync 1 DAGs
[2025-09-15T21:34:46.539+0000] {logging_mixin.py:188} INFO - [2025-09-15T21:34:46.538+0000] {dag.py:3954} INFO - Setting next_dagrun for esg_company_counter to 2025-09-15 21:00:00+00:00, run_after=2025-09-15 22:00:00+00:00
[2025-09-15T21:34:46.561+0000] {processor.py:183} INFO - Processing /opt/airflow/dags/esg_files_to_parse_counter.py took 0.121 seconds
[2025-09-15T21:35:16.736+0000] {processor.py:161} INFO - Started process (PID=90) to work on /opt/airflow/dags/esg_files_to_parse_counter.py
[2025-09-15T21:35:16.736+0000] {processor.py:830} INFO - Processing file /opt/airflow/dags/esg_files_to_parse_counter.py for tasks to queue
[2025-09-15T21:35:16.739+0000] {logging_mixin.py:188} INFO - [2025-09-15T21:35:16.739+0000] {dagbag.py:540} INFO - Filling up the DagBag from /opt/airflow/dags/esg_files_to_parse_counter.py
[2025-09-15T21:35:16.763+0000] {processor.py:840} INFO - DAG(s) 'esg_company_counter' retrieved from /opt/airflow/dags/esg_files_to_parse_counter.py
[2025-09-15T21:35:16.804+0000] {logging_mixin.py:188} INFO - [2025-09-15T21:35:16.803+0000] {dag.py:3096} INFO - Sync 1 DAGs
[2025-09-15T21:35:16.841+0000] {logging_mixin.py:188} INFO - [2025-09-15T21:35:16.841+0000] {dag.py:3954} INFO - Setting next_dagrun for esg_company_counter to 2025-09-15 21:00:00+00:00, run_after=2025-09-15 22:00:00+00:00
[2025-09-15T21:35:16.879+0000] {processor.py:183} INFO - Processing /opt/airflow/dags/esg_files_to_parse_counter.py took 0.150 seconds
[2025-09-15T21:35:47.043+0000] {processor.py:161} INFO - Started process (PID=92) to work on /opt/airflow/dags/esg_files_to_parse_counter.py
[2025-09-15T21:35:47.044+0000] {processor.py:830} INFO - Processing file /opt/airflow/dags/esg_files_to_parse_counter.py for tasks to queue
[2025-09-15T21:35:47.046+0000] {logging_mixin.py:188} INFO - [2025-09-15T21:35:47.046+0000] {dagbag.py:540} INFO - Filling up the DagBag from /opt/airflow/dags/esg_files_to_parse_counter.py
[2025-09-15T21:35:47.072+0000] {processor.py:840} INFO - DAG(s) 'esg_company_counter' retrieved from /opt/airflow/dags/esg_files_to_parse_counter.py
[2025-09-15T21:35:47.113+0000] {logging_mixin.py:188} INFO - [2025-09-15T21:35:47.112+0000] {dag.py:3096} INFO - Sync 1 DAGs
[2025-09-15T21:35:47.156+0000] {logging_mixin.py:188} INFO - [2025-09-15T21:35:47.156+0000] {dag.py:3954} INFO - Setting next_dagrun for esg_company_counter to 2025-09-15 21:00:00+00:00, run_after=2025-09-15 22:00:00+00:00
[2025-09-15T21:35:47.197+0000] {processor.py:183} INFO - Processing /opt/airflow/dags/esg_files_to_parse_counter.py took 0.161 seconds
[2025-09-15T21:36:17.382+0000] {processor.py:161} INFO - Started process (PID=94) to work on /opt/airflow/dags/esg_files_to_parse_counter.py
[2025-09-15T21:36:17.383+0000] {processor.py:830} INFO - Processing file /opt/airflow/dags/esg_files_to_parse_counter.py for tasks to queue
[2025-09-15T21:36:17.386+0000] {logging_mixin.py:188} INFO - [2025-09-15T21:36:17.385+0000] {dagbag.py:540} INFO - Filling up the DagBag from /opt/airflow/dags/esg_files_to_parse_counter.py
[2025-09-15T21:36:17.415+0000] {processor.py:840} INFO - DAG(s) 'esg_company_counter' retrieved from /opt/airflow/dags/esg_files_to_parse_counter.py
[2025-09-15T21:36:17.457+0000] {logging_mixin.py:188} INFO - [2025-09-15T21:36:17.457+0000] {dag.py:3096} INFO - Sync 1 DAGs
[2025-09-15T21:36:17.487+0000] {logging_mixin.py:188} INFO - [2025-09-15T21:36:17.487+0000] {dag.py:3954} INFO - Setting next_dagrun for esg_company_counter to 2025-09-15 21:00:00+00:00, run_after=2025-09-15 22:00:00+00:00
[2025-09-15T21:36:17.513+0000] {processor.py:183} INFO - Processing /opt/airflow/dags/esg_files_to_parse_counter.py took 0.141 seconds
[2025-09-15T21:36:47.688+0000] {processor.py:161} INFO - Started process (PID=96) to work on /opt/airflow/dags/esg_files_to_parse_counter.py
[2025-09-15T21:36:47.688+0000] {processor.py:830} INFO - Processing file /opt/airflow/dags/esg_files_to_parse_counter.py for tasks to queue
[2025-09-15T21:36:47.691+0000] {logging_mixin.py:188} INFO - [2025-09-15T21:36:47.691+0000] {dagbag.py:540} INFO - Filling up the DagBag from /opt/airflow/dags/esg_files_to_parse_counter.py
[2025-09-15T21:36:47.724+0000] {processor.py:840} INFO - DAG(s) 'esg_company_counter' retrieved from /opt/airflow/dags/esg_files_to_parse_counter.py
[2025-09-15T21:36:47.773+0000] {logging_mixin.py:188} INFO - [2025-09-15T21:36:47.773+0000] {dag.py:3096} INFO - Sync 1 DAGs
[2025-09-15T21:36:47.812+0000] {logging_mixin.py:188} INFO - [2025-09-15T21:36:47.812+0000] {dag.py:3954} INFO - Setting next_dagrun for esg_company_counter to 2025-09-15 21:00:00+00:00, run_after=2025-09-15 22:00:00+00:00
[2025-09-15T21:36:47.854+0000] {processor.py:183} INFO - Processing /opt/airflow/dags/esg_files_to_parse_counter.py took 0.175 seconds
[2025-09-15T21:37:18.029+0000] {processor.py:161} INFO - Started process (PID=98) to work on /opt/airflow/dags/esg_files_to_parse_counter.py
[2025-09-15T21:37:18.029+0000] {processor.py:830} INFO - Processing file /opt/airflow/dags/esg_files_to_parse_counter.py for tasks to queue
[2025-09-15T21:37:18.032+0000] {logging_mixin.py:188} INFO - [2025-09-15T21:37:18.031+0000] {dagbag.py:540} INFO - Filling up the DagBag from /opt/airflow/dags/esg_files_to_parse_counter.py
[2025-09-15T21:37:18.052+0000] {processor.py:840} INFO - DAG(s) 'esg_company_counter' retrieved from /opt/airflow/dags/esg_files_to_parse_counter.py
[2025-09-15T21:37:18.083+0000] {logging_mixin.py:188} INFO - [2025-09-15T21:37:18.083+0000] {dag.py:3096} INFO - Sync 1 DAGs
[2025-09-15T21:37:18.106+0000] {logging_mixin.py:188} INFO - [2025-09-15T21:37:18.106+0000] {dag.py:3954} INFO - Setting next_dagrun for esg_company_counter to 2025-09-15 21:00:00+00:00, run_after=2025-09-15 22:00:00+00:00
[2025-09-15T21:37:18.128+0000] {processor.py:183} INFO - Processing /opt/airflow/dags/esg_files_to_parse_counter.py took 0.105 seconds
[2025-09-15T21:37:48.202+0000] {processor.py:161} INFO - Started process (PID=100) to work on /opt/airflow/dags/esg_files_to_parse_counter.py
[2025-09-15T21:37:48.203+0000] {processor.py:830} INFO - Processing file /opt/airflow/dags/esg_files_to_parse_counter.py for tasks to queue
[2025-09-15T21:37:48.206+0000] {logging_mixin.py:188} INFO - [2025-09-15T21:37:48.205+0000] {dagbag.py:540} INFO - Filling up the DagBag from /opt/airflow/dags/esg_files_to_parse_counter.py
[2025-09-15T21:37:48.226+0000] {processor.py:840} INFO - DAG(s) 'esg_company_counter' retrieved from /opt/airflow/dags/esg_files_to_parse_counter.py
[2025-09-15T21:37:48.259+0000] {logging_mixin.py:188} INFO - [2025-09-15T21:37:48.259+0000] {dag.py:3096} INFO - Sync 1 DAGs
[2025-09-15T21:37:48.281+0000] {logging_mixin.py:188} INFO - [2025-09-15T21:37:48.281+0000] {dag.py:3954} INFO - Setting next_dagrun for esg_company_counter to 2025-09-15 21:00:00+00:00, run_after=2025-09-15 22:00:00+00:00
[2025-09-15T21:37:48.301+0000] {processor.py:183} INFO - Processing /opt/airflow/dags/esg_files_to_parse_counter.py took 0.105 seconds
[2025-09-15T21:38:18.427+0000] {processor.py:161} INFO - Started process (PID=102) to work on /opt/airflow/dags/esg_files_to_parse_counter.py
[2025-09-15T21:38:18.428+0000] {processor.py:830} INFO - Processing file /opt/airflow/dags/esg_files_to_parse_counter.py for tasks to queue
[2025-09-15T21:38:18.430+0000] {logging_mixin.py:188} INFO - [2025-09-15T21:38:18.430+0000] {dagbag.py:540} INFO - Filling up the DagBag from /opt/airflow/dags/esg_files_to_parse_counter.py
[2025-09-15T21:38:18.454+0000] {processor.py:840} INFO - DAG(s) 'esg_company_counter' retrieved from /opt/airflow/dags/esg_files_to_parse_counter.py
[2025-09-15T21:38:18.485+0000] {logging_mixin.py:188} INFO - [2025-09-15T21:38:18.485+0000] {dag.py:3096} INFO - Sync 1 DAGs
[2025-09-15T21:38:18.515+0000] {logging_mixin.py:188} INFO - [2025-09-15T21:38:18.515+0000] {dag.py:3954} INFO - Setting next_dagrun for esg_company_counter to 2025-09-15 21:00:00+00:00, run_after=2025-09-15 22:00:00+00:00
[2025-09-15T21:38:18.585+0000] {processor.py:183} INFO - Processing /opt/airflow/dags/esg_files_to_parse_counter.py took 0.165 seconds
[2025-09-15T21:38:48.778+0000] {processor.py:161} INFO - Started process (PID=104) to work on /opt/airflow/dags/esg_files_to_parse_counter.py
[2025-09-15T21:38:48.779+0000] {processor.py:830} INFO - Processing file /opt/airflow/dags/esg_files_to_parse_counter.py for tasks to queue
[2025-09-15T21:38:48.781+0000] {logging_mixin.py:188} INFO - [2025-09-15T21:38:48.781+0000] {dagbag.py:540} INFO - Filling up the DagBag from /opt/airflow/dags/esg_files_to_parse_counter.py
[2025-09-15T21:38:48.803+0000] {processor.py:840} INFO - DAG(s) 'esg_company_counter' retrieved from /opt/airflow/dags/esg_files_to_parse_counter.py
[2025-09-15T21:38:48.835+0000] {logging_mixin.py:188} INFO - [2025-09-15T21:38:48.835+0000] {dag.py:3096} INFO - Sync 1 DAGs
[2025-09-15T21:38:48.866+0000] {logging_mixin.py:188} INFO - [2025-09-15T21:38:48.866+0000] {dag.py:3954} INFO - Setting next_dagrun for esg_company_counter to 2025-09-15 21:00:00+00:00, run_after=2025-09-15 22:00:00+00:00
[2025-09-15T21:38:48.894+0000] {processor.py:183} INFO - Processing /opt/airflow/dags/esg_files_to_parse_counter.py took 0.124 seconds
[2025-09-15T21:39:18.954+0000] {processor.py:161} INFO - Started process (PID=106) to work on /opt/airflow/dags/esg_files_to_parse_counter.py
[2025-09-15T21:39:18.954+0000] {processor.py:830} INFO - Processing file /opt/airflow/dags/esg_files_to_parse_counter.py for tasks to queue
[2025-09-15T21:39:18.957+0000] {logging_mixin.py:188} INFO - [2025-09-15T21:39:18.956+0000] {dagbag.py:540} INFO - Filling up the DagBag from /opt/airflow/dags/esg_files_to_parse_counter.py
[2025-09-15T21:39:18.976+0000] {processor.py:840} INFO - DAG(s) 'esg_company_counter' retrieved from /opt/airflow/dags/esg_files_to_parse_counter.py
[2025-09-15T21:39:19.004+0000] {logging_mixin.py:188} INFO - [2025-09-15T21:39:19.004+0000] {dag.py:3096} INFO - Sync 1 DAGs
[2025-09-15T21:39:19.029+0000] {logging_mixin.py:188} INFO - [2025-09-15T21:39:19.029+0000] {dag.py:3954} INFO - Setting next_dagrun for esg_company_counter to 2025-09-15 21:00:00+00:00, run_after=2025-09-15 22:00:00+00:00
[2025-09-15T21:39:19.046+0000] {processor.py:183} INFO - Processing /opt/airflow/dags/esg_files_to_parse_counter.py took 0.098 seconds
[2025-09-15T21:39:49.258+0000] {processor.py:161} INFO - Started process (PID=108) to work on /opt/airflow/dags/esg_files_to_parse_counter.py
[2025-09-15T21:39:49.259+0000] {processor.py:830} INFO - Processing file /opt/airflow/dags/esg_files_to_parse_counter.py for tasks to queue
[2025-09-15T21:39:49.261+0000] {logging_mixin.py:188} INFO - [2025-09-15T21:39:49.261+0000] {dagbag.py:540} INFO - Filling up the DagBag from /opt/airflow/dags/esg_files_to_parse_counter.py
[2025-09-15T21:39:49.283+0000] {processor.py:840} INFO - DAG(s) 'esg_company_counter' retrieved from /opt/airflow/dags/esg_files_to_parse_counter.py
[2025-09-15T21:39:49.314+0000] {logging_mixin.py:188} INFO - [2025-09-15T21:39:49.314+0000] {dag.py:3096} INFO - Sync 1 DAGs
[2025-09-15T21:39:49.341+0000] {logging_mixin.py:188} INFO - [2025-09-15T21:39:49.341+0000] {dag.py:3954} INFO - Setting next_dagrun for esg_company_counter to 2025-09-15 21:00:00+00:00, run_after=2025-09-15 22:00:00+00:00
[2025-09-15T21:39:49.361+0000] {processor.py:183} INFO - Processing /opt/airflow/dags/esg_files_to_parse_counter.py took 0.110 seconds
[2025-09-15T21:40:19.555+0000] {processor.py:161} INFO - Started process (PID=110) to work on /opt/airflow/dags/esg_files_to_parse_counter.py
[2025-09-15T21:40:19.557+0000] {processor.py:830} INFO - Processing file /opt/airflow/dags/esg_files_to_parse_counter.py for tasks to queue
[2025-09-15T21:40:19.561+0000] {logging_mixin.py:188} INFO - [2025-09-15T21:40:19.560+0000] {dagbag.py:540} INFO - Filling up the DagBag from /opt/airflow/dags/esg_files_to_parse_counter.py
[2025-09-15T21:40:19.587+0000] {processor.py:840} INFO - DAG(s) 'esg_company_counter' retrieved from /opt/airflow/dags/esg_files_to_parse_counter.py
[2025-09-15T21:40:19.622+0000] {logging_mixin.py:188} INFO - [2025-09-15T21:40:19.622+0000] {dag.py:3096} INFO - Sync 1 DAGs
[2025-09-15T21:40:19.648+0000] {logging_mixin.py:188} INFO - [2025-09-15T21:40:19.648+0000] {dag.py:3954} INFO - Setting next_dagrun for esg_company_counter to 2025-09-15 21:00:00+00:00, run_after=2025-09-15 22:00:00+00:00
[2025-09-15T21:40:19.681+0000] {processor.py:183} INFO - Processing /opt/airflow/dags/esg_files_to_parse_counter.py took 0.132 seconds
[2025-09-15T21:40:49.736+0000] {processor.py:161} INFO - Started process (PID=120) to work on /opt/airflow/dags/esg_files_to_parse_counter.py
[2025-09-15T21:40:49.737+0000] {processor.py:830} INFO - Processing file /opt/airflow/dags/esg_files_to_parse_counter.py for tasks to queue
[2025-09-15T21:40:49.741+0000] {logging_mixin.py:188} INFO - [2025-09-15T21:40:49.740+0000] {dagbag.py:540} INFO - Filling up the DagBag from /opt/airflow/dags/esg_files_to_parse_counter.py
[2025-09-15T21:40:49.764+0000] {processor.py:840} INFO - DAG(s) 'esg_company_counter' retrieved from /opt/airflow/dags/esg_files_to_parse_counter.py
[2025-09-15T21:40:49.807+0000] {logging_mixin.py:188} INFO - [2025-09-15T21:40:49.807+0000] {dag.py:3096} INFO - Sync 1 DAGs
[2025-09-15T21:40:49.850+0000] {logging_mixin.py:188} INFO - [2025-09-15T21:40:49.850+0000] {dag.py:3954} INFO - Setting next_dagrun for esg_company_counter to 2025-09-15 21:00:00+00:00, run_after=2025-09-15 22:00:00+00:00
[2025-09-15T21:40:49.878+0000] {processor.py:183} INFO - Processing /opt/airflow/dags/esg_files_to_parse_counter.py took 0.151 seconds
[2025-09-15T21:41:20.066+0000] {processor.py:161} INFO - Started process (PID=122) to work on /opt/airflow/dags/esg_files_to_parse_counter.py
[2025-09-15T21:41:20.067+0000] {processor.py:830} INFO - Processing file /opt/airflow/dags/esg_files_to_parse_counter.py for tasks to queue
[2025-09-15T21:41:20.071+0000] {logging_mixin.py:188} INFO - [2025-09-15T21:41:20.071+0000] {dagbag.py:540} INFO - Filling up the DagBag from /opt/airflow/dags/esg_files_to_parse_counter.py
[2025-09-15T21:41:20.101+0000] {processor.py:840} INFO - DAG(s) 'esg_company_counter' retrieved from /opt/airflow/dags/esg_files_to_parse_counter.py
[2025-09-15T21:41:20.143+0000] {logging_mixin.py:188} INFO - [2025-09-15T21:41:20.143+0000] {dag.py:3096} INFO - Sync 1 DAGs
[2025-09-15T21:41:20.174+0000] {logging_mixin.py:188} INFO - [2025-09-15T21:41:20.174+0000] {dag.py:3954} INFO - Setting next_dagrun for esg_company_counter to 2025-09-15 21:00:00+00:00, run_after=2025-09-15 22:00:00+00:00
[2025-09-15T21:41:20.210+0000] {processor.py:183} INFO - Processing /opt/airflow/dags/esg_files_to_parse_counter.py took 0.153 seconds
[2025-09-15T21:41:50.358+0000] {processor.py:161} INFO - Started process (PID=124) to work on /opt/airflow/dags/esg_files_to_parse_counter.py
[2025-09-15T21:41:50.359+0000] {processor.py:830} INFO - Processing file /opt/airflow/dags/esg_files_to_parse_counter.py for tasks to queue
[2025-09-15T21:41:50.362+0000] {logging_mixin.py:188} INFO - [2025-09-15T21:41:50.361+0000] {dagbag.py:540} INFO - Filling up the DagBag from /opt/airflow/dags/esg_files_to_parse_counter.py
[2025-09-15T21:41:50.387+0000] {processor.py:840} INFO - DAG(s) 'esg_company_counter' retrieved from /opt/airflow/dags/esg_files_to_parse_counter.py
[2025-09-15T21:41:50.418+0000] {logging_mixin.py:188} INFO - [2025-09-15T21:41:50.418+0000] {dag.py:3096} INFO - Sync 1 DAGs
[2025-09-15T21:41:50.443+0000] {logging_mixin.py:188} INFO - [2025-09-15T21:41:50.443+0000] {dag.py:3954} INFO - Setting next_dagrun for esg_company_counter to 2025-09-15 21:00:00+00:00, run_after=2025-09-15 22:00:00+00:00
[2025-09-15T21:41:50.463+0000] {processor.py:183} INFO - Processing /opt/airflow/dags/esg_files_to_parse_counter.py took 0.113 seconds
[2025-09-15T21:42:20.553+0000] {processor.py:161} INFO - Started process (PID=126) to work on /opt/airflow/dags/esg_files_to_parse_counter.py
[2025-09-15T21:42:20.554+0000] {processor.py:830} INFO - Processing file /opt/airflow/dags/esg_files_to_parse_counter.py for tasks to queue
[2025-09-15T21:42:20.559+0000] {logging_mixin.py:188} INFO - [2025-09-15T21:42:20.558+0000] {dagbag.py:540} INFO - Filling up the DagBag from /opt/airflow/dags/esg_files_to_parse_counter.py
[2025-09-15T21:42:20.589+0000] {processor.py:840} INFO - DAG(s) 'esg_company_counter' retrieved from /opt/airflow/dags/esg_files_to_parse_counter.py
[2025-09-15T21:42:20.634+0000] {logging_mixin.py:188} INFO - [2025-09-15T21:42:20.633+0000] {dag.py:3096} INFO - Sync 1 DAGs
[2025-09-15T21:42:20.669+0000] {logging_mixin.py:188} INFO - [2025-09-15T21:42:20.669+0000] {dag.py:3954} INFO - Setting next_dagrun for esg_company_counter to 2025-09-15 21:00:00+00:00, run_after=2025-09-15 22:00:00+00:00
[2025-09-15T21:42:20.696+0000] {processor.py:183} INFO - Processing /opt/airflow/dags/esg_files_to_parse_counter.py took 0.155 seconds
[2025-09-15T21:42:50.877+0000] {processor.py:161} INFO - Started process (PID=136) to work on /opt/airflow/dags/esg_files_to_parse_counter.py
[2025-09-15T21:42:50.878+0000] {processor.py:830} INFO - Processing file /opt/airflow/dags/esg_files_to_parse_counter.py for tasks to queue
[2025-09-15T21:42:50.881+0000] {logging_mixin.py:188} INFO - [2025-09-15T21:42:50.881+0000] {dagbag.py:540} INFO - Filling up the DagBag from /opt/airflow/dags/esg_files_to_parse_counter.py
[2025-09-15T21:42:50.907+0000] {processor.py:840} INFO - DAG(s) 'esg_company_counter' retrieved from /opt/airflow/dags/esg_files_to_parse_counter.py
[2025-09-15T21:42:50.942+0000] {logging_mixin.py:188} INFO - [2025-09-15T21:42:50.942+0000] {dag.py:3096} INFO - Sync 1 DAGs
[2025-09-15T21:42:50.970+0000] {logging_mixin.py:188} INFO - [2025-09-15T21:42:50.970+0000] {dag.py:3954} INFO - Setting next_dagrun for esg_company_counter to 2025-09-15 21:00:00+00:00, run_after=2025-09-15 22:00:00+00:00
[2025-09-15T21:42:50.992+0000] {processor.py:183} INFO - Processing /opt/airflow/dags/esg_files_to_parse_counter.py took 0.123 seconds
[2025-09-15T21:43:21.058+0000] {processor.py:161} INFO - Started process (PID=138) to work on /opt/airflow/dags/esg_files_to_parse_counter.py
[2025-09-15T21:43:21.060+0000] {processor.py:830} INFO - Processing file /opt/airflow/dags/esg_files_to_parse_counter.py for tasks to queue
[2025-09-15T21:43:21.064+0000] {logging_mixin.py:188} INFO - [2025-09-15T21:43:21.063+0000] {dagbag.py:540} INFO - Filling up the DagBag from /opt/airflow/dags/esg_files_to_parse_counter.py
[2025-09-15T21:43:21.123+0000] {processor.py:840} INFO - DAG(s) 'esg_company_counter' retrieved from /opt/airflow/dags/esg_files_to_parse_counter.py
[2025-09-15T21:43:21.177+0000] {logging_mixin.py:188} INFO - [2025-09-15T21:43:21.177+0000] {dag.py:3096} INFO - Sync 1 DAGs
[2025-09-15T21:43:21.223+0000] {logging_mixin.py:188} INFO - [2025-09-15T21:43:21.222+0000] {dag.py:3954} INFO - Setting next_dagrun for esg_company_counter to 2025-09-15 21:00:00+00:00, run_after=2025-09-15 22:00:00+00:00
[2025-09-15T21:43:21.259+0000] {processor.py:183} INFO - Processing /opt/airflow/dags/esg_files_to_parse_counter.py took 0.208 seconds
[2025-09-15T21:43:51.368+0000] {processor.py:161} INFO - Started process (PID=140) to work on /opt/airflow/dags/esg_files_to_parse_counter.py
[2025-09-15T21:43:51.369+0000] {processor.py:830} INFO - Processing file /opt/airflow/dags/esg_files_to_parse_counter.py for tasks to queue
[2025-09-15T21:43:51.371+0000] {logging_mixin.py:188} INFO - [2025-09-15T21:43:51.371+0000] {dagbag.py:540} INFO - Filling up the DagBag from /opt/airflow/dags/esg_files_to_parse_counter.py
[2025-09-15T21:43:51.390+0000] {processor.py:840} INFO - DAG(s) 'esg_company_counter' retrieved from /opt/airflow/dags/esg_files_to_parse_counter.py
[2025-09-15T21:43:51.419+0000] {logging_mixin.py:188} INFO - [2025-09-15T21:43:51.418+0000] {dag.py:3096} INFO - Sync 1 DAGs
[2025-09-15T21:43:51.444+0000] {logging_mixin.py:188} INFO - [2025-09-15T21:43:51.444+0000] {dag.py:3954} INFO - Setting next_dagrun for esg_company_counter to 2025-09-15 21:00:00+00:00, run_after=2025-09-15 22:00:00+00:00
[2025-09-15T21:43:51.467+0000] {processor.py:183} INFO - Processing /opt/airflow/dags/esg_files_to_parse_counter.py took 0.104 seconds
[2025-09-15T21:44:21.593+0000] {processor.py:161} INFO - Started process (PID=146) to work on /opt/airflow/dags/esg_files_to_parse_counter.py
[2025-09-15T21:44:21.594+0000] {processor.py:830} INFO - Processing file /opt/airflow/dags/esg_files_to_parse_counter.py for tasks to queue
[2025-09-15T21:44:21.596+0000] {logging_mixin.py:188} INFO - [2025-09-15T21:44:21.596+0000] {dagbag.py:540} INFO - Filling up the DagBag from /opt/airflow/dags/esg_files_to_parse_counter.py
[2025-09-15T21:44:21.616+0000] {processor.py:840} INFO - DAG(s) 'esg_company_counter' retrieved from /opt/airflow/dags/esg_files_to_parse_counter.py
[2025-09-15T21:44:21.649+0000] {logging_mixin.py:188} INFO - [2025-09-15T21:44:21.648+0000] {dag.py:3096} INFO - Sync 1 DAGs
[2025-09-15T21:44:21.675+0000] {logging_mixin.py:188} INFO - [2025-09-15T21:44:21.675+0000] {dag.py:3954} INFO - Setting next_dagrun for esg_company_counter to 2025-09-15 21:00:00+00:00, run_after=2025-09-15 22:00:00+00:00
[2025-09-15T21:44:21.697+0000] {processor.py:183} INFO - Processing /opt/airflow/dags/esg_files_to_parse_counter.py took 0.112 seconds
[2025-09-15T21:44:49.914+0000] {processor.py:161} INFO - Started process (PID=147) to work on /opt/airflow/dags/esg_files_to_parse_counter.py
[2025-09-15T21:44:49.915+0000] {processor.py:830} INFO - Processing file /opt/airflow/dags/esg_files_to_parse_counter.py for tasks to queue
[2025-09-15T21:44:49.916+0000] {logging_mixin.py:188} INFO - [2025-09-15T21:44:49.916+0000] {dagbag.py:540} INFO - Filling up the DagBag from /opt/airflow/dags/esg_files_to_parse_counter.py
[2025-09-15T21:44:49.947+0000] {processor.py:840} INFO - DAG(s) 'esg_company_counter' retrieved from /opt/airflow/dags/esg_files_to_parse_counter.py
[2025-09-15T21:44:49.982+0000] {logging_mixin.py:188} INFO - [2025-09-15T21:44:49.982+0000] {dag.py:3096} INFO - Sync 1 DAGs
[2025-09-15T21:44:50.011+0000] {logging_mixin.py:188} INFO - [2025-09-15T21:44:50.011+0000] {dag.py:3954} INFO - Setting next_dagrun for esg_company_counter to 2025-09-15 21:00:00+00:00, run_after=2025-09-15 22:00:00+00:00
[2025-09-15T21:44:50.045+0000] {processor.py:183} INFO - Processing /opt/airflow/dags/esg_files_to_parse_counter.py took 0.138 seconds
[2025-09-15T21:45:20.175+0000] {processor.py:161} INFO - Started process (PID=148) to work on /opt/airflow/dags/esg_files_to_parse_counter.py
[2025-09-15T21:45:20.176+0000] {processor.py:830} INFO - Processing file /opt/airflow/dags/esg_files_to_parse_counter.py for tasks to queue
[2025-09-15T21:45:20.177+0000] {logging_mixin.py:188} INFO - [2025-09-15T21:45:20.176+0000] {dagbag.py:540} INFO - Filling up the DagBag from /opt/airflow/dags/esg_files_to_parse_counter.py
[2025-09-15T21:45:20.198+0000] {processor.py:840} INFO - DAG(s) 'esg_company_counter' retrieved from /opt/airflow/dags/esg_files_to_parse_counter.py
[2025-09-15T21:45:20.226+0000] {logging_mixin.py:188} INFO - [2025-09-15T21:45:20.226+0000] {dag.py:3096} INFO - Sync 1 DAGs
[2025-09-15T21:45:20.250+0000] {logging_mixin.py:188} INFO - [2025-09-15T21:45:20.250+0000] {dag.py:3954} INFO - Setting next_dagrun for esg_company_counter to 2025-09-15 21:00:00+00:00, run_after=2025-09-15 22:00:00+00:00
[2025-09-15T21:45:20.272+0000] {processor.py:183} INFO - Processing /opt/airflow/dags/esg_files_to_parse_counter.py took 0.103 seconds
[2025-09-15T21:45:50.316+0000] {processor.py:161} INFO - Started process (PID=149) to work on /opt/airflow/dags/esg_files_to_parse_counter.py
[2025-09-15T21:45:50.317+0000] {processor.py:830} INFO - Processing file /opt/airflow/dags/esg_files_to_parse_counter.py for tasks to queue
[2025-09-15T21:45:50.318+0000] {logging_mixin.py:188} INFO - [2025-09-15T21:45:50.318+0000] {dagbag.py:540} INFO - Filling up the DagBag from /opt/airflow/dags/esg_files_to_parse_counter.py
[2025-09-15T21:45:50.346+0000] {processor.py:840} INFO - DAG(s) 'esg_company_counter' retrieved from /opt/airflow/dags/esg_files_to_parse_counter.py
[2025-09-15T21:45:50.378+0000] {logging_mixin.py:188} INFO - [2025-09-15T21:45:50.378+0000] {dag.py:3096} INFO - Sync 1 DAGs
[2025-09-15T21:45:50.405+0000] {logging_mixin.py:188} INFO - [2025-09-15T21:45:50.405+0000] {dag.py:3954} INFO - Setting next_dagrun for esg_company_counter to 2025-09-15 21:00:00+00:00, run_after=2025-09-15 22:00:00+00:00
[2025-09-15T21:45:50.424+0000] {processor.py:183} INFO - Processing /opt/airflow/dags/esg_files_to_parse_counter.py took 0.119 seconds
[2025-09-15T21:46:20.529+0000] {processor.py:161} INFO - Started process (PID=150) to work on /opt/airflow/dags/esg_files_to_parse_counter.py
[2025-09-15T21:46:20.530+0000] {processor.py:830} INFO - Processing file /opt/airflow/dags/esg_files_to_parse_counter.py for tasks to queue
[2025-09-15T21:46:20.532+0000] {logging_mixin.py:188} INFO - [2025-09-15T21:46:20.531+0000] {dagbag.py:540} INFO - Filling up the DagBag from /opt/airflow/dags/esg_files_to_parse_counter.py
[2025-09-15T21:46:20.552+0000] {processor.py:840} INFO - DAG(s) 'esg_company_counter' retrieved from /opt/airflow/dags/esg_files_to_parse_counter.py
[2025-09-15T21:46:20.580+0000] {logging_mixin.py:188} INFO - [2025-09-15T21:46:20.580+0000] {dag.py:3096} INFO - Sync 1 DAGs
[2025-09-15T21:46:20.605+0000] {logging_mixin.py:188} INFO - [2025-09-15T21:46:20.605+0000] {dag.py:3954} INFO - Setting next_dagrun for esg_company_counter to 2025-09-15 21:00:00+00:00, run_after=2025-09-15 22:00:00+00:00
[2025-09-15T21:46:20.625+0000] {processor.py:183} INFO - Processing /opt/airflow/dags/esg_files_to_parse_counter.py took 0.102 seconds
[2025-09-15T21:46:50.682+0000] {processor.py:161} INFO - Started process (PID=151) to work on /opt/airflow/dags/esg_files_to_parse_counter.py
[2025-09-15T21:46:50.683+0000] {processor.py:830} INFO - Processing file /opt/airflow/dags/esg_files_to_parse_counter.py for tasks to queue
[2025-09-15T21:46:50.684+0000] {logging_mixin.py:188} INFO - [2025-09-15T21:46:50.684+0000] {dagbag.py:540} INFO - Filling up the DagBag from /opt/airflow/dags/esg_files_to_parse_counter.py
[2025-09-15T21:46:50.705+0000] {processor.py:840} INFO - DAG(s) 'esg_company_counter' retrieved from /opt/airflow/dags/esg_files_to_parse_counter.py
[2025-09-15T21:46:50.733+0000] {logging_mixin.py:188} INFO - [2025-09-15T21:46:50.733+0000] {dag.py:3096} INFO - Sync 1 DAGs
[2025-09-15T21:46:50.756+0000] {logging_mixin.py:188} INFO - [2025-09-15T21:46:50.755+0000] {dag.py:3954} INFO - Setting next_dagrun for esg_company_counter to 2025-09-15 21:00:00+00:00, run_after=2025-09-15 22:00:00+00:00
[2025-09-15T21:46:50.774+0000] {processor.py:183} INFO - Processing /opt/airflow/dags/esg_files_to_parse_counter.py took 0.098 seconds
[2025-09-15T21:47:20.881+0000] {processor.py:161} INFO - Started process (PID=152) to work on /opt/airflow/dags/esg_files_to_parse_counter.py
[2025-09-15T21:47:20.882+0000] {processor.py:830} INFO - Processing file /opt/airflow/dags/esg_files_to_parse_counter.py for tasks to queue
[2025-09-15T21:47:20.883+0000] {logging_mixin.py:188} INFO - [2025-09-15T21:47:20.883+0000] {dagbag.py:540} INFO - Filling up the DagBag from /opt/airflow/dags/esg_files_to_parse_counter.py
[2025-09-15T21:47:20.903+0000] {processor.py:840} INFO - DAG(s) 'esg_company_counter' retrieved from /opt/airflow/dags/esg_files_to_parse_counter.py
[2025-09-15T21:47:20.935+0000] {logging_mixin.py:188} INFO - [2025-09-15T21:47:20.935+0000] {dag.py:3096} INFO - Sync 1 DAGs
[2025-09-15T21:47:20.958+0000] {logging_mixin.py:188} INFO - [2025-09-15T21:47:20.958+0000] {dag.py:3954} INFO - Setting next_dagrun for esg_company_counter to 2025-09-15 21:00:00+00:00, run_after=2025-09-15 22:00:00+00:00
[2025-09-15T21:47:20.987+0000] {processor.py:183} INFO - Processing /opt/airflow/dags/esg_files_to_parse_counter.py took 0.112 seconds
[2025-09-15T21:47:51.035+0000] {processor.py:161} INFO - Started process (PID=153) to work on /opt/airflow/dags/esg_files_to_parse_counter.py
[2025-09-15T21:47:51.036+0000] {processor.py:830} INFO - Processing file /opt/airflow/dags/esg_files_to_parse_counter.py for tasks to queue
[2025-09-15T21:47:51.037+0000] {logging_mixin.py:188} INFO - [2025-09-15T21:47:51.036+0000] {dagbag.py:540} INFO - Filling up the DagBag from /opt/airflow/dags/esg_files_to_parse_counter.py
[2025-09-15T21:47:51.058+0000] {processor.py:840} INFO - DAG(s) 'esg_company_counter' retrieved from /opt/airflow/dags/esg_files_to_parse_counter.py
[2025-09-15T21:47:51.088+0000] {logging_mixin.py:188} INFO - [2025-09-15T21:47:51.088+0000] {dag.py:3096} INFO - Sync 1 DAGs
[2025-09-15T21:47:51.114+0000] {logging_mixin.py:188} INFO - [2025-09-15T21:47:51.114+0000] {dag.py:3954} INFO - Setting next_dagrun for esg_company_counter to 2025-09-15 21:00:00+00:00, run_after=2025-09-15 22:00:00+00:00
[2025-09-15T21:47:51.143+0000] {processor.py:183} INFO - Processing /opt/airflow/dags/esg_files_to_parse_counter.py took 0.115 seconds
[2025-09-15T21:48:21.248+0000] {processor.py:161} INFO - Started process (PID=154) to work on /opt/airflow/dags/esg_files_to_parse_counter.py
[2025-09-15T21:48:21.249+0000] {processor.py:830} INFO - Processing file /opt/airflow/dags/esg_files_to_parse_counter.py for tasks to queue
[2025-09-15T21:48:21.250+0000] {logging_mixin.py:188} INFO - [2025-09-15T21:48:21.249+0000] {dagbag.py:540} INFO - Filling up the DagBag from /opt/airflow/dags/esg_files_to_parse_counter.py
[2025-09-15T21:48:21.270+0000] {processor.py:840} INFO - DAG(s) 'esg_company_counter' retrieved from /opt/airflow/dags/esg_files_to_parse_counter.py
[2025-09-15T21:48:21.299+0000] {logging_mixin.py:188} INFO - [2025-09-15T21:48:21.298+0000] {dag.py:3096} INFO - Sync 1 DAGs
[2025-09-15T21:48:21.322+0000] {logging_mixin.py:188} INFO - [2025-09-15T21:48:21.322+0000] {dag.py:3954} INFO - Setting next_dagrun for esg_company_counter to 2025-09-15 21:00:00+00:00, run_after=2025-09-15 22:00:00+00:00
[2025-09-15T21:48:21.350+0000] {processor.py:183} INFO - Processing /opt/airflow/dags/esg_files_to_parse_counter.py took 0.109 seconds
[2025-09-15T21:48:51.398+0000] {processor.py:161} INFO - Started process (PID=155) to work on /opt/airflow/dags/esg_files_to_parse_counter.py
[2025-09-15T21:48:51.399+0000] {processor.py:830} INFO - Processing file /opt/airflow/dags/esg_files_to_parse_counter.py for tasks to queue
[2025-09-15T21:48:51.400+0000] {logging_mixin.py:188} INFO - [2025-09-15T21:48:51.399+0000] {dagbag.py:540} INFO - Filling up the DagBag from /opt/airflow/dags/esg_files_to_parse_counter.py
[2025-09-15T21:48:51.420+0000] {processor.py:840} INFO - DAG(s) 'esg_company_counter' retrieved from /opt/airflow/dags/esg_files_to_parse_counter.py
[2025-09-15T21:48:51.451+0000] {logging_mixin.py:188} INFO - [2025-09-15T21:48:51.451+0000] {dag.py:3096} INFO - Sync 1 DAGs
[2025-09-15T21:48:51.472+0000] {logging_mixin.py:188} INFO - [2025-09-15T21:48:51.472+0000] {dag.py:3954} INFO - Setting next_dagrun for esg_company_counter to 2025-09-15 21:00:00+00:00, run_after=2025-09-15 22:00:00+00:00
[2025-09-15T21:48:51.491+0000] {processor.py:183} INFO - Processing /opt/airflow/dags/esg_files_to_parse_counter.py took 0.099 seconds
[2025-09-15T21:49:21.609+0000] {processor.py:161} INFO - Started process (PID=156) to work on /opt/airflow/dags/esg_files_to_parse_counter.py
[2025-09-15T21:49:21.610+0000] {processor.py:830} INFO - Processing file /opt/airflow/dags/esg_files_to_parse_counter.py for tasks to queue
[2025-09-15T21:49:21.611+0000] {logging_mixin.py:188} INFO - [2025-09-15T21:49:21.610+0000] {dagbag.py:540} INFO - Filling up the DagBag from /opt/airflow/dags/esg_files_to_parse_counter.py
[2025-09-15T21:49:21.639+0000] {processor.py:840} INFO - DAG(s) 'esg_company_counter' retrieved from /opt/airflow/dags/esg_files_to_parse_counter.py
[2025-09-15T21:49:21.684+0000] {logging_mixin.py:188} INFO - [2025-09-15T21:49:21.683+0000] {dag.py:3096} INFO - Sync 1 DAGs
[2025-09-15T21:49:21.714+0000] {logging_mixin.py:188} INFO - [2025-09-15T21:49:21.714+0000] {dag.py:3954} INFO - Setting next_dagrun for esg_company_counter to 2025-09-15 21:00:00+00:00, run_after=2025-09-15 22:00:00+00:00
[2025-09-15T21:49:21.744+0000] {processor.py:183} INFO - Processing /opt/airflow/dags/esg_files_to_parse_counter.py took 0.141 seconds
[2025-09-15T21:49:51.931+0000] {processor.py:161} INFO - Started process (PID=157) to work on /opt/airflow/dags/esg_files_to_parse_counter.py
[2025-09-15T21:49:51.933+0000] {processor.py:830} INFO - Processing file /opt/airflow/dags/esg_files_to_parse_counter.py for tasks to queue
[2025-09-15T21:49:51.934+0000] {logging_mixin.py:188} INFO - [2025-09-15T21:49:51.933+0000] {dagbag.py:540} INFO - Filling up the DagBag from /opt/airflow/dags/esg_files_to_parse_counter.py
[2025-09-15T21:49:51.956+0000] {processor.py:840} INFO - DAG(s) 'esg_company_counter' retrieved from /opt/airflow/dags/esg_files_to_parse_counter.py
[2025-09-15T21:49:51.988+0000] {logging_mixin.py:188} INFO - [2025-09-15T21:49:51.987+0000] {dag.py:3096} INFO - Sync 1 DAGs
[2025-09-15T21:49:52.014+0000] {logging_mixin.py:188} INFO - [2025-09-15T21:49:52.014+0000] {dag.py:3954} INFO - Setting next_dagrun for esg_company_counter to 2025-09-15 21:00:00+00:00, run_after=2025-09-15 22:00:00+00:00
[2025-09-15T21:49:52.036+0000] {processor.py:183} INFO - Processing /opt/airflow/dags/esg_files_to_parse_counter.py took 0.112 seconds
[2025-09-15T21:50:22.199+0000] {processor.py:161} INFO - Started process (PID=158) to work on /opt/airflow/dags/esg_files_to_parse_counter.py
[2025-09-15T21:50:22.200+0000] {processor.py:830} INFO - Processing file /opt/airflow/dags/esg_files_to_parse_counter.py for tasks to queue
[2025-09-15T21:50:22.201+0000] {logging_mixin.py:188} INFO - [2025-09-15T21:50:22.201+0000] {dagbag.py:540} INFO - Filling up the DagBag from /opt/airflow/dags/esg_files_to_parse_counter.py
[2025-09-15T21:50:22.227+0000] {processor.py:840} INFO - DAG(s) 'esg_company_counter' retrieved from /opt/airflow/dags/esg_files_to_parse_counter.py
[2025-09-15T21:50:22.265+0000] {logging_mixin.py:188} INFO - [2025-09-15T21:50:22.265+0000] {dag.py:3096} INFO - Sync 1 DAGs
[2025-09-15T21:50:22.291+0000] {logging_mixin.py:188} INFO - [2025-09-15T21:50:22.291+0000] {dag.py:3954} INFO - Setting next_dagrun for esg_company_counter to 2025-09-15 21:00:00+00:00, run_after=2025-09-15 22:00:00+00:00
[2025-09-15T21:50:22.315+0000] {processor.py:183} INFO - Processing /opt/airflow/dags/esg_files_to_parse_counter.py took 0.122 seconds
[2025-09-15T21:50:52.454+0000] {processor.py:161} INFO - Started process (PID=159) to work on /opt/airflow/dags/esg_files_to_parse_counter.py
[2025-09-15T21:50:52.455+0000] {processor.py:830} INFO - Processing file /opt/airflow/dags/esg_files_to_parse_counter.py for tasks to queue
[2025-09-15T21:50:52.456+0000] {logging_mixin.py:188} INFO - [2025-09-15T21:50:52.456+0000] {dagbag.py:540} INFO - Filling up the DagBag from /opt/airflow/dags/esg_files_to_parse_counter.py
[2025-09-15T21:50:52.477+0000] {processor.py:840} INFO - DAG(s) 'esg_company_counter' retrieved from /opt/airflow/dags/esg_files_to_parse_counter.py
[2025-09-15T21:50:52.511+0000] {logging_mixin.py:188} INFO - [2025-09-15T21:50:52.510+0000] {dag.py:3096} INFO - Sync 1 DAGs
[2025-09-15T21:50:52.535+0000] {logging_mixin.py:188} INFO - [2025-09-15T21:50:52.535+0000] {dag.py:3954} INFO - Setting next_dagrun for esg_company_counter to 2025-09-15 21:00:00+00:00, run_after=2025-09-15 22:00:00+00:00
[2025-09-15T21:50:52.556+0000] {processor.py:183} INFO - Processing /opt/airflow/dags/esg_files_to_parse_counter.py took 0.109 seconds
[2025-09-15T21:51:22.702+0000] {processor.py:161} INFO - Started process (PID=160) to work on /opt/airflow/dags/esg_files_to_parse_counter.py
[2025-09-15T21:51:22.703+0000] {processor.py:830} INFO - Processing file /opt/airflow/dags/esg_files_to_parse_counter.py for tasks to queue
[2025-09-15T21:51:22.704+0000] {logging_mixin.py:188} INFO - [2025-09-15T21:51:22.704+0000] {dagbag.py:540} INFO - Filling up the DagBag from /opt/airflow/dags/esg_files_to_parse_counter.py
[2025-09-15T21:51:22.725+0000] {processor.py:840} INFO - DAG(s) 'esg_company_counter' retrieved from /opt/airflow/dags/esg_files_to_parse_counter.py
[2025-09-15T21:51:22.754+0000] {logging_mixin.py:188} INFO - [2025-09-15T21:51:22.754+0000] {dag.py:3096} INFO - Sync 1 DAGs
[2025-09-15T21:51:22.779+0000] {logging_mixin.py:188} INFO - [2025-09-15T21:51:22.779+0000] {dag.py:3954} INFO - Setting next_dagrun for esg_company_counter to 2025-09-15 21:00:00+00:00, run_after=2025-09-15 22:00:00+00:00
[2025-09-15T21:51:22.799+0000] {processor.py:183} INFO - Processing /opt/airflow/dags/esg_files_to_parse_counter.py took 0.104 seconds
[2025-09-15T21:51:52.926+0000] {processor.py:161} INFO - Started process (PID=161) to work on /opt/airflow/dags/esg_files_to_parse_counter.py
[2025-09-15T21:51:52.927+0000] {processor.py:830} INFO - Processing file /opt/airflow/dags/esg_files_to_parse_counter.py for tasks to queue
[2025-09-15T21:51:52.927+0000] {logging_mixin.py:188} INFO - [2025-09-15T21:51:52.927+0000] {dagbag.py:540} INFO - Filling up the DagBag from /opt/airflow/dags/esg_files_to_parse_counter.py
[2025-09-15T21:51:52.948+0000] {processor.py:840} INFO - DAG(s) 'esg_company_counter' retrieved from /opt/airflow/dags/esg_files_to_parse_counter.py
[2025-09-15T21:51:52.978+0000] {logging_mixin.py:188} INFO - [2025-09-15T21:51:52.978+0000] {dag.py:3096} INFO - Sync 1 DAGs
[2025-09-15T21:51:53.001+0000] {logging_mixin.py:188} INFO - [2025-09-15T21:51:53.001+0000] {dag.py:3954} INFO - Setting next_dagrun for esg_company_counter to 2025-09-15 21:00:00+00:00, run_after=2025-09-15 22:00:00+00:00
[2025-09-15T21:51:53.029+0000] {processor.py:183} INFO - Processing /opt/airflow/dags/esg_files_to_parse_counter.py took 0.110 seconds
[2025-09-15T21:52:23.150+0000] {processor.py:161} INFO - Started process (PID=162) to work on /opt/airflow/dags/esg_files_to_parse_counter.py
[2025-09-15T21:52:23.151+0000] {processor.py:830} INFO - Processing file /opt/airflow/dags/esg_files_to_parse_counter.py for tasks to queue
[2025-09-15T21:52:23.152+0000] {logging_mixin.py:188} INFO - [2025-09-15T21:52:23.151+0000] {dagbag.py:540} INFO - Filling up the DagBag from /opt/airflow/dags/esg_files_to_parse_counter.py
[2025-09-15T21:52:23.173+0000] {processor.py:840} INFO - DAG(s) 'esg_company_counter' retrieved from /opt/airflow/dags/esg_files_to_parse_counter.py
[2025-09-15T21:52:23.206+0000] {logging_mixin.py:188} INFO - [2025-09-15T21:52:23.206+0000] {dag.py:3096} INFO - Sync 1 DAGs
[2025-09-15T21:52:23.234+0000] {logging_mixin.py:188} INFO - [2025-09-15T21:52:23.233+0000] {dag.py:3954} INFO - Setting next_dagrun for esg_company_counter to 2025-09-15 21:00:00+00:00, run_after=2025-09-15 22:00:00+00:00
[2025-09-15T21:52:23.264+0000] {processor.py:183} INFO - Processing /opt/airflow/dags/esg_files_to_parse_counter.py took 0.120 seconds
